日期,计划购电费/元,紧急购电费/元
2025-02-01,23664.81484529305,3.889486244190721e-11
2025-02-02,58689.67313129996,3.814357540932179e-11
2025-02-03,58195.24675813745,5.04390884614736e-11
2025-02-04,57023.91817260722,5.25279624241648e-11
2025-02-05,59447.34606983657,37.39438725671371
2025-02-06,59294.223993722604,5.481740894541787e-11
2025-02-07,22893.41214720624,2.845357016667549e-11
2025-02-08,21303.53406916364,6.287923604020306e-11
2025-02-09,54709.345464951126,6.096786897558105e-11
2025-02-10,56839.998667427004,3.625247657623731e-11
2025-02-11,55224.309721991405,5.107572498275203e-11
2025-02-12,53680.083987556834,5.313332573919638e-11
2025-02-13,54644.80937091198,6.043043496162248e-11
2025-02-14,19899.241424835545,6.436059041270426e-11
2025-02-15,18980.82150081946,3.273815273305469
2025-02-16,51064.02867426506,68.4585709200838
2025-02-17,51793.815678866005,5.745060926987122e-11
2025-02-18,49864.555345676534,87.60817467004748
2025-02-19,49242.3016557008,312.58122822472
2025-02-20,49833.684765678496,4.936377884234844e-11
2025-02-21,18442.714563645954,3.8755351927655116e-11
2025-02-22,18300.768683816917,4.603292846905305e-11
2025-02-23,49893.11671256118,5.262837676767162e-11
2025-02-24,49089.8517633694,53.33855224699012
2025-02-25,47578.274712623825,67.1416270300392
2025-02-26,46020.02992060675,7.009069746127805e-11
2025-02-27,45229.90132134294,4111.690356452198
2025-02-28,18003.571891386688,5.23842729194257e-11
2025-03-01,17940.456980142575,4.884104831681668e-11
2025-03-02,47334.18387566743,9365.472635904096
2025-03-03,50504.3038163898,5.847886153098614e-11
2025-03-04,51570.59207084726,4.268599917978122e-11
2025-03-05,50174.749891056665,4.887466387160089e-11
2025-03-06,47732.89686296435,6.688244136299203e-11
2025-03-07,17309.538168781524,4.234322581453398e-11
2025-03-08,16882.157350475267,3.265639325622516e-11
2025-03-09,45069.4045903545,4.6295188349532165e-11
2025-03-10,43730.60398579834,7199.231674801547
2025-03-11,46909.17973384993,6.859452272856004e-11
2025-03-12,46532.969330215165,4.3094898316553555e-11
2025-03-13,44221.021169022526,2679.3132017360153
2025-03-14,16954.49911338277,5.362444810419475e-11
2025-03-15,16143.253352498503,684.893201185803
2025-03-16,42534.62900646017,7.461180000057503
2025-03-17,43513.10800929862,5.4962964401994444e-11
2025-03-18,40667.61194249044,3550.951967799988
2025-03-19,40396.17431696003,491.59849472622477
2025-03-20,41095.84774006507,1160.8690222963776
2025-03-21,15442.003518883375,305.82371108337486
2025-03-22,15767.144526274567,4.076574766642694e-11
2025-03-23,40012.321244634935,5.922658496970712e-11
2025-03-24,40849.778236037906,5.690021842585935e-11
2025-03-25,39287.397393068706,1882.5350319675679
2025-03-26,40877.7364916824,4.2260474675259723e-11
2025-03-27,41042.42767026802,5.1572434545121845e-11
2025-03-28,15159.22591995525,3.1608363260104966e-11
2025-03-29,15576.76424923098,4.694538358052114e-11
2025-03-30,39511.08574362424,5.469083941278541e-11
2025-03-31,36580.675664420276,6001.685111067898
2025-04-01,39335.342851346926,5.341264985858629e-11
2025-04-02,40645.884499804255,3114.387812300631
2025-04-03,41220.491199856544,4.2895089480410315e-11
2025-04-04,15069.0809426909,4.040255796589065e-11
2025-04-05,15102.188742036422,3.2618524326011306e-11
2025-04-06,40002.49632666802,2.893766937184239e-11
2025-04-07,39775.640853410754,6.111023143073879e-11
2025-04-08,39944.88910222002,4.940686249010896e-11
2025-04-09,39845.60310416436,4.056728303281076e-11
2025-04-10,40471.56642517225,5.696762794826781e-11
2025-04-11,14825.559884196215,3.478255539146602e-11
2025-04-12,15069.486061113686,3.9247719185731e-11
2025-04-13,39080.23543068806,4.153887989133409e-11
2025-04-14,39090.72366735435,300.96266906911814
2025-04-15,39872.840598351766,3.773091572512043e-11
2025-04-16,37510.18741281802,4.571394329744294e-11
2025-04-17,38410.33775367729,4.2031260638619725e-11
2025-04-18,14401.845622887973,4.585573337712034e-11
2025-04-19,14475.435153096489,2.4816002697214402e-11
2025-04-20,37555.54449386956,4.622889893113325e-11
2025-04-21,37684.03696313012,4.4216193151314084e-11
2025-04-22,37168.62184672117,6.693079673825153e-11
2025-04-23,37079.49121033134,4.970936240411561e-11
2025-04-24,35985.49796009043,6.313547551428655e-11
2025-04-25,13453.68084486476,4.659383456839806e-11
2025-04-26,13214.597475270337,4.8108465655616324e-11
2025-04-27,33661.43755173654,6.842932798178936e-11
2025-04-28,36554.88446172466,451.0018687190478
2025-04-29,38991.44492209606,5.3814050771094915e-11
2025-04-30,39019.457914816856,4.4223428474765565e-11
2025-05-01,37890.759195318446,9865.128645309484
2025-05-02,13891.683798874625,10453.517091645537
2025-05-03,17839.259550804996,643.7518262556205
2025-05-04,37518.193377898104,9052.256412908462
2025-05-05,36861.36698035796,8230.963382169895
2025-05-06,37820.10209502419,8959.938863896026
2025-05-07,37440.23265136222,10026.829367246679
2025-05-08,40174.430202104646,1531.280297752652
2025-05-09,19334.152837118174,5.624953880456474e-11
2025-05-10,16481.61637528844,3.410044657758959e-11
2025-05-11,41413.055788223275,364.5754454332034
2025-05-12,40121.32168502255,5.563707805578133e-11
2025-05-13,39234.15029136633,84.40951163737233
2025-05-14,39915.13610989542,4.557773913838047e-11
2025-05-15,39353.72357850956,4.60890570153083e-11
2025-05-16,15342.5730261868,4.329639313738198e-11
2025-05-17,15416.422642082201,4.737286016243125e-11
2025-05-18,37734.42748325551,35.31869833338943
2025-05-19,38260.415476147784,467.153247645628
2025-05-20,36584.28579840567,57.635111376490606
2025-05-21,36326.78300146677,5.754146453762487e-11
2025-05-22,37368.51568910133,271.74653337486905
2025-05-23,15121.915470936705,3.885441390849564e-11
2025-05-24,15634.106971223402,4.5580674012946075e-11
2025-05-25,36946.49892181634,234.97148407135978
2025-05-26,35853.20949575209,1458.82217107397
2025-05-27,40136.08598312628,4.3727040655028305e-11
2025-05-28,39972.17557560321,5.587001561391247e-11
2025-05-29,38589.45807459728,367.6777723201554
2025-05-30,15762.68513558934,4.1317770982374214e-11
2025-05-31,15954.703613670974,3.091040867708727e-11
2025-06-01,39355.24293026292,57100.8363449603
2025-06-02,44023.56935847839,17994.90689033333
2025-06-03,44613.898311648954,10463.124129304124
2025-06-04,44405.02303520179,10942.821736477063
2025-06-05,44122.67354438456,19320.918025450264
2025-06-06,17730.672466547338,19961.96925145924
2025-06-07,17878.3774083216,12075.943412617618
2025-06-08,45811.397993088845,9015.57709911953
2025-06-09,50630.90366576391,1067.3804494158817
2025-06-10,50719.3769402457,502.00969383671776
2025-06-11,50722.06897285407,10418.25785437599
2025-06-12,50917.94644753893,7.207520330565487e-11
2025-06-13,23190.19831282057,4.808564202374299e-11
2025-06-14,23321.70649312727,5.365168326276759e-11
2025-06-15,50886.10757765231,312.8666174773897
2025-06-16,50806.82965744868,156.66557884424165
2025-06-17,50083.50260392463,5830.389622825725
2025-06-18,50798.46963267148,413.7822302833849
2025-06-19,50591.0695496474,758.012298986715
2025-06-20,22718.345864652365,4.410445181290967e-11
2025-06-21,23023.976536427668,4.913767071013097e-11
2025-06-22,50193.04612900512,509.03469198173195
2025-06-23,49597.45884029713,161.29987627706797
2025-06-24,49496.14207123416,18625.404438258793
2025-06-25,49817.84943661744,95.24190485307679
2025-06-26,50378.120675564336,378.51409367221095
2025-06-27,22012.086320459734,4.7915643008877845e-11
2025-06-28,21968.935664641835,4.7130449765120376e-11
2025-06-29,48878.85375664624,53.181989999559065
2025-06-30,49366.03618351011,642.1630073810556
2025-07-01,49410.792633792866,22065.345659699655
2025-07-02,48203.75727441101,14930.510174344006
2025-07-03,49868.46113294615,26180.996248117444
2025-07-04,21603.457094844216,24839.595760192933
2025-07-05,21753.956603599116,22944.820218990986
2025-07-06,49389.46597334101,31036.542376911522
2025-07-07,49171.831221989836,15038.638286253272
2025-07-08,56353.11881037293,4377.601986231938
2025-07-09,58177.85412622655,999.7090835110939
2025-07-10,58674.49473855377,1599.6783801294673
2025-07-11,28085.085167811754,120.36415058007059
2025-07-12,27973.97830808472,267.2768815069185
2025-07-13,58327.062570308495,1463.1179194713227
2025-07-14,58181.1344023333,1543.587178338225
2025-07-15,60636.52018053724,132.52141676113456
2025-07-16,57832.41224713324,495.4116952895464
2025-07-17,56043.742084594945,152.4279304915674
2025-07-18,27050.737222252465,3.0413623619551796e-11
2025-07-19,26961.559215273068,3.209407095638994e-11
2025-07-20,54192.004583711554,3.670444692627228e-11
2025-07-21,53406.95607223302,83.12521841072845
2025-07-22,53563.86102596049,560.2957461052022
2025-07-23,53531.4642142414,364.6051596218774
2025-07-24,53157.25111306424,131.9827174667353
2025-07-25,25828.683111933733,3.177160445844152e-11
2025-07-26,26164.3507160923,3.459870295818846e-11
2025-07-27,52445.408433309654,741.6773597333752
2025-07-28,52728.36011465293,8.563409004125333e-11
2025-07-29,56566.14497081381,502.0048714886608
2025-07-30,55769.48348095063,4.5974031026574384e-11
2025-07-31,54531.64274727798,3.5112766267206954
2025-08-01,26103.362965034663,3.426778727444457e-11
2025-08-02,25735.465114018967,3.437174722620284e-11
2025-08-03,51430.88030557902,1012.4628491806266
2025-08-04,47192.66667059295,218.70232835177976
2025-08-05,48557.89232380233,3.395882330892164e-11
2025-08-06,49197.42323752159,8.096171200122626e-11
2025-08-07,50410.40185586657,76.71458023070765
2025-08-08,25186.52484711908,4.968595912480111e-11
2025-08-09,24714.443324033207,3.249362423574098e-11
2025-08-10,48252.48544292894,4.3816454020628726e-11
2025-08-11,48903.49908700364,730.2795737746046
2025-08-12,48324.24376751347,280.7081213632139
2025-08-13,48737.84971384715,411.398140387741
2025-08-14,49877.984951781116,250.58467595110258
2025-08-15,24718.389873305743,4.3727959031514274e-11
2025-08-16,24753.519063686792,3.398701142742766e-11
2025-08-17,48168.64060562042,137.69302125335702
2025-08-18,47815.125965748186,1277.3840008437428
2025-08-19,45916.35746208388,1065.168662023951
2025-08-20,46360.58166695523,18526.67059077116
2025-08-21,50157.72684269409,29.437584260045742
2025-08-22,25137.60203655216,222.047441782803
2025-08-23,24837.931893540022,3.1992252846890774e-11
2025-08-24,48952.545242938155,5.200363306645528e-11
2025-08-25,49712.4864708251,9.53739718312363e-11
2025-08-26,50892.84695161038,39.76873522351251
2025-08-27,52384.569555116475,94.54878091338131
2025-08-28,49328.48953466762,531.2559177356989
2025-08-29,26078.874134835307,3.355349242895045e-11
2025-08-30,25343.902763866485,4.790426233469702e-11
2025-08-31,51568.56431588867,340.1318295265441
2025-09-01,50091.158565515696,5.1666326328358986e-11
2025-09-02,48949.944482393534,3.466780995609042e-11
2025-09-03,48820.176171784144,4.216408000523586e-11
2025-09-04,49713.409644265324,3.849262952826393e-11
2025-09-05,25423.490188637683,4.319775825933903e-11
2025-09-06,25667.655888246834,5.6942596415865413e-11
2025-09-07,48136.87727922901,3.6232417510717595e-11
2025-09-08,41031.712053792784,2558.5781468194505
2025-09-09,45332.743297486435,3.448342678069594e-11
2025-09-10,45001.03225612846,1462.130687641707
2025-09-11,44017.179156783284,2.9447431160178895e-11
2025-09-12,20774.308138350196,3.6591794483342714e-11
2025-09-13,19601.370545003214,4.049952395668299e-11
2025-09-14,42431.48895178398,5.520628543198569e-11
2025-09-15,39955.452869829016,7.893606150048059
2025-09-16,42325.42562404431,55.381747666717594
2025-09-17,40614.59216186197,301.51369602113937
2025-09-18,42524.72999354258,81.9296937399455
2025-09-19,18314.979290910516,5.1756342989150996e-11
2025-09-20,18221.594726660718,262.1912369868328
2025-09-21,43780.52713889045,5.978378725401966e-11
2025-09-22,43216.45385274235,101.05546264955889
2025-09-23,43061.97546700109,370.19235755937024
2025-09-24,43558.432670853785,4.8762579196726114e-11
2025-09-25,43533.63233877536,103.49743166671887
2025-09-26,18691.935191393204,4.147654773106746e-11
2025-09-27,18550.148583238166,1378.057784306873
2025-09-28,44455.09994343853,206.04502471004844
2025-09-29,44287.99745864754,224.7426389615763
2025-09-30,44950.674055872805,203.23060216892625
2025-10-01,44411.02032163,4.55656168352192e-11
2025-10-02,43628.37239562212,3.561137451590923e-11
2025-10-03,17800.846085276255,3.8160761661742985e-11
2025-10-04,18675.637020560982,3.602182552242539e-11
2025-10-05,42931.58174981887,3.791330760449796e-11
2025-10-06,43591.15769231179,3.448874141831482e-11
2025-10-07,43247.064391905435,3.739254461621044e-11
2025-10-08,40791.0989814599,4.307069212394765e-11
2025-10-09,39945.884108142105,4.9178071448441335e-11
2025-10-10,16653.795250281102,5.260087254654876e-11
2025-10-11,17534.895560621975,3.9586526279222765e-11
2025-10-12,41682.21485744675,98.03580773338518
2025-10-13,42239.83453204435,5.397013569385933e-11
2025-10-14,41184.52073973099,3226.497227925736
2025-10-15,40470.37666346677,1881.6645353928466
2025-10-16,42067.93517040867,6942.480520882316
2025-10-17,16368.615365435722,232.49109064546678
2025-10-18,16391.28464462784,4.787313745424625e-11
2025-10-19,42298.30792111305,5545.1261385211465
2025-10-20,43522.34581578266,3498.496122140101
2025-10-21,44087.57354669279,6.861401424806957e-11
2025-10-22,44982.653233668345,1394.9641201799154
2025-10-23,45067.52501941318,4.8591598217351266e-11
2025-10-24,17214.90261250579,963.9587353116024
2025-10-25,17421.880517520665,94.29522705742791
2025-10-26,44829.49263610179,5.956675330764937e-11
2025-10-27,44444.208257202336,1760.1897854049505
2025-10-28,44191.06181061315,610.3106799156627
2025-10-29,44680.9732771266,13366.534088164735
2025-10-30,47371.33069965169,15.619409105924813
2025-10-31,18057.75094414501,4.450079837958753e-11
2025-11-01,18178.454613178546,5.06427547675159e-11
2025-11-02,47017.572036356694,397.9675525760598
2025-11-03,47270.41389410583,7.384211375693894e-11
2025-11-04,47274.384194023005,657.7003795421484
2025-11-05,47055.80743302133,13.88065217505691
2025-11-06,46874.458930160574,6086.077675048358
2025-11-07,18533.896135583767,4.478262538576416e-11
2025-11-08,18284.8090465424,5.5148451139075404e-11
2025-11-09,47502.743451500195,2149.9068746248904
2025-11-10,48961.30314593359,3628.4429542762314
2025-11-11,50135.1654858239,8.985274166716913
2025-11-12,49210.44293182417,51.56131333338642
2025-11-13,49141.1632637406,549.1869593899412
2025-11-14,18798.511401046504,6.637013871824138e-11
2025-11-15,18767.572113624876,4.653464702464305e-11
2025-11-16,50926.57914270701,6.13040427310807e-11
2025-11-17,51508.159135452195,5.159431548662496e-11
2025-11-18,50666.430890414806,472.23705130875123
2025-11-19,51337.753046245925,1339.8065095137938
2025-11-20,52028.40115831552,6.177537015261692e-11
2025-11-21,19054.611398156932,85.59225106949765
2025-11-22,19157.693200159185,43.49585129286713
2025-11-23,52657.76832953528,6.110484740418088e-11
2025-11-24,51854.00659496749,378.6619397045099
2025-11-25,51361.26037489831,6.38783845263724e-11
2025-11-26,51419.12558072423,3347.78465249573
2025-11-27,53282.37865039511,8.668434925418465e-11
2025-11-28,19634.95858576087,240.76308896413
2025-11-29,19747.758197116862,7078.987480380845
2025-11-30,55806.869684960315,28.398311333391927
2025-12-01,55311.374439027335,22336.69964774631
2025-12-02,54735.25301453307,36234.76893494303
2025-12-03,56499.00523549094,17913.322777761612
2025-12-04,55575.44302913899,23979.25211501235
2025-12-05,20729.620245017933,31600.362920238687
2025-12-06,26565.677345368418,3218.1616262875605
2025-12-07,55808.62208496475,24976.546603867508
2025-12-08,54825.61382271638,33196.73253498493
2025-12-09,59692.55226326901,2607.7944334595395
2025-12-10,60865.61539259356,6.867599355864229e-11
2025-12-11,62031.86812953506,5.3179159742455795e-11
2025-12-12,24951.725083417863,2301.9215174175606
2025-12-13,25094.60439485354,3278.4298824986936
2025-12-14,62917.122005681456,5.909280165194985e-11
2025-12-15,61991.127378262,5.613429277656623e-11
2025-12-16,62549.379854904204,5.903367950033101e-11
2025-12-17,62061.98060119762,6.266054675130306e-11
2025-12-18,61269.08644653841,157.55888301504237
2025-12-19,25105.003514373584,155.2892551505737
2025-12-20,25332.01473082284,4.584875501478791e-11
2025-12-21,62065.60054720019,58.854916675062114
2025-12-22,61826.46510015479,454.05335576566637
2025-12-23,62082.6090356875,5.7114981966144283e-11
2025-12-24,61470.35729615183,377.4030806317413
2025-12-25,61225.625719493444,9.15330224134292
2025-12-26,25458.560589141704,6.284806830514356e-11
2025-12-27,25540.02701927461,7.799336843028471e-11
2025-12-28,62428.04011919029,124.53568474174841
2025-12-29,61839.72441970281,6.778333921930723e-11
2025-12-30,60835.76109902513,152.48664674005883
2025-12-31,60695.27937356405,1476.7318899402414
