日期,w1_L(d-7),w2_L(d-14),w3_典型日,u1_P(d-1),u2_P(d-2),u3_典型日,计划购电量/kWh,计划购电费/元,紧急购电量/kWh,紧急购电费/元,平衡残差/kWh,储电量最小/kWh,储电量最大/kWh
2025-02-01,0.0,1.0,0.0,0.2,0.8,0.0,43114.93124374485,22322.225260476716,1.6513013179064728e-11,5.721725493401663e-11,2.2737367544323206e-13,1612.552318518519,10800.0
2025-02-02,0.0,1.0,0.0,0.2,0.8,0.0,89429.27847090535,56308.87312596629,1.7326584611510043e-11,6.077542025195725e-11,2.2737367544323206e-13,1406.1290148148128,10800.0
2025-02-03,0.0,1.0,0.0,0.2,0.8,0.0,89001.75297312757,56039.80411783796,1.7516876837930795e-11,7.138942348383637e-11,2.2737367544323206e-13,1412.9819771111117,10800.0
2025-02-04,0.0,1.0,0.0,0.2,0.8,0.0,87153.01962333333,54557.43643856433,541.4923171333612,3777.450404322268,2.2737367544323206e-13,1200.0,10800.0
2025-02-05,0.2,0.8,0.0,0.8,0.2,0.0,90338.24660633746,57068.28756088241,26.479583333352615,153.8066597917359,2.5579538487363607e-13,1474.2478557777804,10800.0
2025-02-06,0.4,0.6,0.0,0.8,0.2,0.0,89793.7179693004,56517.36249721607,11.404286666681298,66.61814056339115,2.2737367544323206e-13,1445.6448814814837,10800.0
2025-02-07,0.4,0.6,0.0,1.0,0.0,0.0,42108.674111028806,21582.9155014533,1.213074085626431e-11,3.999723574565906e-11,3.410605131648481e-13,1219.55548148148,10800.0
2025-02-08,0.8,0.2,0.0,0.8,0.2,0.0,38208.52488703704,19665.25862241852,48.282041600018836,295.14812030086375,1.1368683772161603e-13,1200.0,10800.0
2025-02-09,0.8,0.2,0.0,0.8,0.2,0.0,83002.98832559999,51717.55600393422,1547.8091632333553,10213.140312309875,2.7711166694643907e-13,1200.0,10800.0
2025-02-10,0.2,0.8,0.0,1.0,0.0,0.0,87673.42113884774,54768.72017384793,9.479528273459437e-12,3.0061625189148345e-11,2.2737367544323206e-13,1310.2828333333318,10800.0
2025-02-11,0.2,0.8,0.0,0.8,0.2,0.0,83867.4504352675,52160.36975207455,1.241673430740775e-11,4.31018296609409e-11,2.2737367544323206e-13,1204.7125594814795,10800.0
2025-02-12,0.2,0.8,0.0,1.0,0.0,0.0,82958.07546012347,51480.54330851444,265.28544893335135,1807.4964711558014,2.2737367544323206e-13,1200.0,10800.0
2025-02-13,0.2,0.8,0.0,1.0,0.0,0.0,83652.63505317902,52307.74408958313,1.616040634644378e-11,5.489281162951443e-11,2.2737367544323206e-13,1309.3721282962968,10800.0
2025-02-14,0.2,0.8,0.0,1.0,0.0,0.0,37255.2657891358,19108.79999287241,165.9585812333483,989.733131746083,1.1368683772161603e-13,1200.0,10800.0
2025-02-15,0.2,0.8,0.0,1.0,0.0,0.0,35613.2507899177,18357.04465100737,374.57130034404844,1601.239744607269,1.1368683772161603e-13,1200.0,10800.0
2025-02-16,0.2,0.8,0.0,1.0,0.0,0.0,79339.57540674898,48808.0470689911,922.5286532617481,4648.783878546209,2.4158453015843406e-13,1200.0,10800.0
2025-02-17,0.8,0.2,0.0,0.6,0.4,0.0,79848.92342847737,49149.15122308475,190.90381448561038,1179.9787872569223,2.2737367544323206e-13,1200.0,10800.0
2025-02-18,0.8,0.2,0.0,0.6,0.4,0.0,77632.19544061729,47668.171997854544,132.5832660333549,841.8983871819376,2.2737367544323206e-13,1200.0,10800.0
2025-02-19,0.8,0.2,0.0,0.4,0.6,0.0,76331.76575563787,46738.95834041666,2041.1923866526854,10409.53544984584,1.7053025658242404e-13,1200.0,10586.772126740743
2025-02-20,0.6,0.4,0.0,0.8,0.2,0.0,77086.28597613334,47447.45847235761,192.23570765228214,1052.696748147599,2.2737367544323206e-13,1200.0,10800.0
2025-02-21,0.4,0.6,0.0,0.8,0.2,0.0,34443.7120591358,17683.163440821223,86.63838699589218,185.2328713972335,1.1368683772161603e-13,1257.650042962961,10800.0
2025-02-22,0.4,0.6,0.0,0.8,0.2,0.0,34226.87761481482,17544.721590928668,352.22419046626703,1645.9618604443908,1.1368683772161603e-13,1200.0,10800.0
2025-02-23,0.4,0.6,0.0,0.8,0.2,0.0,77536.20706136667,47615.33665108926,215.8925093514549,1009.8922531645918,3.410605131648481e-13,1200.0,10800.0
2025-02-24,0.4,0.6,0.0,0.8,0.2,0.0,76381.88586452675,46552.15570593487,565.6753506000197,3728.338614389006,2.2737367544323206e-13,1200.0,10800.0
2025-02-25,0.8,0.2,0.0,0.6,0.4,0.0,74400.4740845679,45345.278374345085,324.8651525053597,1054.0890571948032,2.2737367544323206e-13,1200.0,10800.0
2025-02-26,0.6,0.4,0.0,0.6,0.4,0.0,71716.82795814815,43790.569852303466,1397.2566036666865,9589.309068446579,2.2737367544323206e-13,1200.0,10800.0
2025-02-27,0.6,0.4,0.0,0.2,0.8,0.0,70686.67547390946,43081.55350380991,1696.836503666684,8658.040591283561,2.4868995751603507e-13,1200.0,10800.0
2025-02-28,0.8,0.2,0.0,0.2,0.8,0.0,33593.59185876543,17217.644999104265,113.6498466666735,526.3391415766879,1.1368683772161603e-13,1200.0,10800.0
2025-03-01,0.8,0.2,0.0,0.2,0.8,0.0,33584.06931263375,17169.237607723695,233.50144546668,1293.8789170644518,1.1368683772161603e-13,1200.0,10800.0
2025-03-02,0.8,0.2,0.0,0.2,0.8,0.0,74107.08885004115,45075.38939718025,3552.759225855156,23539.632996123783,2.2737367544323206e-13,1200.0,10800.0
2025-03-03,0.6,0.4,0.0,0.6,0.4,0.0,78467.82770399176,48199.5886499912,555.2286381465227,3413.5201402458756,2.2737367544323206e-13,1200.0,10800.0
2025-03-04,0.2,0.8,0.0,0.6,0.4,0.0,79982.76343300412,49292.570843468406,344.0244591769667,1029.9562916220364,2.2737367544323206e-13,1200.0,10800.0
2025-03-05,0.4,0.6,0.0,0.6,0.4,0.0,78237.39347796666,47992.05725507487,71.28839666668055,489.48668176005077,2.2737367544323206e-13,1200.0,10800.0
2025-03-06,0.4,0.6,0.0,0.8,0.2,0.0,74002.479158,45049.64703722833,656.6340350366424,3891.8723928891095,2.2737367544323206e-13,1200.0,10800.0
2025-03-07,0.6,0.4,0.0,0.8,0.2,0.0,32528.19751522634,16605.986737936542,22.57849600494936,78.53251186593091,1.1368683772161603e-13,1200.0,10800.0
2025-03-08,1.0,0.0,0.0,0.8,0.2,0.0,30881.06203333333,16006.296569186,362.8692693950715,1345.425837469018,1.1368683772161603e-13,1200.0,10800.0
2025-03-09,0.8,0.2,0.0,0.8,0.2,0.0,69941.06268703705,42489.79173256345,79.78816370000868,504.3049225242303,2.2737367544323206e-13,1200.0,10800.0
2025-03-10,0.8,0.2,0.0,0.8,0.0,0.2,68094.49147604938,41201.7368479846,3643.9672792333395,23440.966034853525,1.894040480010517e-13,1200.0,10666.234699333334
2025-03-11,0.0,1.0,0.0,0.2,0.8,0.0,71944.94464098764,43588.84745995869,874.3748653000176,5991.891175107911,2.2737367544323206e-13,1200.0,10800.0
2025-03-12,0.0,1.0,0.0,0.6,0.4,0.0,73266.68896477365,44289.859917720925,469.4690289596879,2381.065105310374,2.2737367544323206e-13,1200.0,10800.0
2025-03-13,0.0,1.0,0.0,0.6,0.4,0.0,69979.66466563786,42466.5884245101,2205.038754675333,13709.005589035005,2.7000623958883807e-13,1200.0,10800.0
2025-03-14,0.0,1.0,0.0,0.0,1.0,0.0,31817.705804526748,16282.613728104114,1.2192913345643319e-11,4.620267457511318e-11,1.1368683772161603e-13,1241.2414259259258,10800.0
2025-03-15,0.0,1.0,0.0,0.0,1.0,0.0,29961.487716666663,15454.269152148332,1116.5502037469248,4181.222790491939,1.1368683772161603e-13,1200.0,10800.0
2025-03-16,0.0,1.0,0.0,0.0,1.0,0.0,65988.51649711934,40024.79035673043,1487.5763137222436,9520.837417223021,2.2737367544323206e-13,1200.0,10752.578127592591
2025-03-17,0.0,1.0,0.0,0.4,0.6,0.0,69217.91897403292,41643.110079426064,129.9841618000159,906.7695127168537,3.410605131648481e-13,1200.0,10800.0
2025-03-18,0.0,1.0,0.0,0.6,0.4,0.0,64465.59503181069,38616.53704444006,1500.0496190333497,8071.172161833255,2.984279490192421e-13,1200.0,10800.0
2025-03-19,0.0,1.0,0.0,0.4,0.6,0.0,63791.35332613169,38350.012053865576,671.7216166666838,3340.243188941736,2.2737367544323206e-13,1200.0,10800.0
2025-03-20,0.0,1.0,0.0,0.4,0.6,0.0,64999.46619460905,39200.83820892364,1500.523792300027,10245.372260591455,2.6645352591003757e-13,1200.0,10714.495252185185
2025-03-21,0.8,0.2,0.0,0.4,0.6,0.0,29145.771090000002,14846.714376010668,643.5740530234668,2532.316632374905,1.1368683772161603e-13,1200.0,10800.0
2025-03-22,1.0,0.0,0.0,0.4,0.6,0.0,30050.374496666667,15433.689855353998,9.25370891025068e-12,3.441078211263715e-11,1.1368683772161603e-13,1441.6840940740742,10800.0
2025-03-23,1.0,0.0,0.0,0.4,0.2,0.4,65388.32657851852,39079.10920172623,415.52842806668184,2818.5673400781307,2.2737367544323206e-13,1200.0,10800.0
2025-03-24,1.0,0.0,0.0,0.2,0.4,0.4,65387.34976831275,39166.07574364475,318.8527415172979,753.1275390556982,2.2737367544323206e-13,1200.0,10800.0
2025-03-25,0.6,0.4,0.0,0.0,0.8,0.2,63140.80877534978,37623.31288802986,2032.4265345066085,12062.306049845993,2.2737367544323206e-13,1200.0,10601.601749962965
2025-03-26,0.6,0.4,0.0,0.2,0.2,0.6,65137.87227786008,38927.772862172984,233.64675085845096,1215.6005065363258,2.2737367544323206e-13,1200.0,10800.0
2025-03-27,0.2,0.8,0.0,0.0,0.4,0.6,66109.3137718107,39700.677518165736,10.758044238689525,23.000698582350978,3.410605131648481e-13,1220.1869692592654,10800.0
2025-03-28,0.4,0.6,0.0,0.2,0.2,0.6,28824.07347333333,14554.132799864998,328.69365829219345,1270.52029960456,1.1368683772161603e-13,1200.0,10800.0
2025-03-29,0.4,0.6,0.0,0.2,0.2,0.6,29304.22785,14845.606315767001,23.103406666673884,114.02686360335936,1.1368683772161603e-13,1200.0,10800.0
2025-03-30,0.2,0.8,0.0,0.2,0.2,0.6,63638.393497325116,38014.54965847657,163.19139333334496,1138.4231598933738,2.2737367544323206e-13,1200.0,10800.0
2025-03-31,0.4,0.6,0.0,0.2,0.2,0.6,62980.82867078189,37654.072153396715,155.55342976668487,960.212686749407,2.2737367544323206e-13,1200.0,10800.0
2025-04-01,0.4,0.6,0.0,0.4,0.0,0.6,64381.224513045265,38332.85371614888,325.17537153335354,2087.4209784802683,2.2737367544323206e-13,1200.0,10800.0
2025-04-02,0.6,0.4,0.0,0.4,0.0,0.6,65240.006982263374,38695.19072237816,1906.8365734889044,9925.175753770165,2.2737367544323206e-13,1200.0,10800.0
2025-04-03,1.0,0.0,0.0,0.4,0.0,0.6,65732.71278427984,39123.6587842857,223.31304000001043,1557.8317670400318,3.410605131648481e-13,1200.0,10800.0
2025-04-04,0.8,0.2,0.0,0.4,0.0,0.6,28575.65922,14337.312598890003,1.2051082354247455e-11,4.334565539831914e-11,1.1368683772161603e-13,1205.5590775185176,10800.0
2025-04-05,0.8,0.2,0.0,0.4,0.0,0.6,28599.699596666673,14322.436558005338,343.0132140613254,1333.7450802573696,1.1368683772161603e-13,1200.0,10800.0
2025-04-06,1.0,0.0,0.0,0.4,0.0,0.6,64596.15423679013,38407.590101659145,226.8280977666816,1336.5007222881425,2.2737367544323206e-13,1200.0,10800.0
2025-04-07,0.8,0.2,0.0,0.2,0.2,0.6,63288.02196325103,37604.588458359016,258.1459238831369,895.5174668080265,4.547473508864641e-13,1200.0,10800.0
2025-04-08,0.8,0.2,0.0,0.2,0.2,0.6,63500.94036000001,37796.00171519334,366.5565236707982,1567.5611431818552,2.2737367544323206e-13,1200.0,10800.0
2025-04-09,0.2,0.8,0.0,0.4,0.4,0.2,59815.93425399177,35702.25983517855,2936.62575300001,19372.445257769512,3.268496584496461e-13,1200.0,10734.319129
2025-04-10,0.4,0.6,0.0,0.0,0.4,0.6,63383.34995761317,37860.26281678569,150.97110580001296,980.8496387185644,2.2737367544323206e-13,1200.0,10800.0
2025-04-11,0.6,0.4,0.0,0.0,0.4,0.6,28118.25463,14014.680538716333,235.0366852794362,565.1383790667049,1.1368683772161603e-13,1200.0,10800.0
2025-04-12,0.4,0.6,0.0,0.0,0.4,0.6,28724.95289,14467.320554619999,15.504201975319221,33.14798382324777,1.1368683772161603e-13,1249.4432717777772,10800.0
2025-04-13,0.4,0.6,0.0,0.0,0.4,0.6,61746.89146086419,36657.52754114137,111.96048503334892,558.174006480478,2.2737367544323206e-13,1200.0,10800.0
2025-04-14,0.6,0.4,0.0,0.0,0.4,0.6,62654.790278477376,36964.997780865175,282.4623518539173,1740.6725591133495,2.2737367544323206e-13,1200.0,10800.0
2025-04-15,0.8,0.2,0.0,0.0,0.4,0.6,63337.6076126749,37742.585992578104,69.16837856667594,359.8675960558297,2.2737367544323206e-13,1200.0,10800.0
2025-04-16,0.8,0.2,0.0,0.0,0.4,0.6,62387.630107283956,36967.99702425141,196.9248809983676,606.7929884656862,2.2737367544323206e-13,1200.0,10800.0
2025-04-17,0.6,0.4,0.0,0.0,0.6,0.4,59318.504772386834,35439.309085361274,96.58968766668343,653.7130490916742,2.2737367544323206e-13,1200.0,10800.0
2025-04-18,0.6,0.4,0.0,0.0,0.6,0.4,27622.672026666667,13657.53106948,1.003042093827844e-11,4.133641440251523e-11,1.1368683772161603e-13,1310.3245638888907,10800.0
2025-04-19,0.6,0.4,0.0,0.0,0.6,0.4,27653.121730000006,13792.475443227668,9.779288490108229e-12,3.224347033814468e-11,1.1368683772161603e-13,1401.2301293703692,10800.0
2025-04-20,0.8,0.2,0.0,0.0,0.6,0.4,59974.79697720165,35567.78467838924,1.2867040766195714e-11,4.16900500788131e-11,2.2737367544323206e-13,1352.4852123333349,10800.0
2025-04-21,0.6,0.4,0.0,0.0,0.6,0.4,60344.38065469136,35599.36601160445,207.864331044049,848.5347503730599,2.2737367544323206e-13,1200.0,10800.0
2025-04-22,0.6,0.4,0.0,0.2,0.4,0.4,58973.51020382716,35188.14070023573,83.63444300413042,178.8104391428538,2.2737367544323206e-13,1273.0029227777786,10800.0
2025-04-23,0.6,0.4,0.0,0.4,0.2,0.4,59254.18329053498,35107.66371042968,1.528754900448348e-11,5.1191744510070693e-11,1.1368683772161603e-13,1240.2676216666666,10800.0
2025-04-24,0.6,0.4,0.0,0.2,0.6,0.2,57583.52722270164,34156.25721290548,77.9417339831456,232.21744259107666,2.2737367544323206e-13,1200.0,10800.0
2025-04-25,0.4,0.6,0.0,0.4,0.4,0.2,26423.806216666668,12801.580039802333,122.58852249877407,351.51771158139456,1.1368683772161603e-13,1200.0,10800.0
2025-04-26,0.4,0.6,0.0,0.4,0.4,0.2,26008.711633333332,12568.426762587002,265.8575715506287,969.5950609462595,1.1368683772161603e-13,1200.0,10800.0
2025-04-27,0.4,0.6,0.0,0.4,0.4,0.2,53191.551895679004,31733.337115109407,743.6728022843774,4809.638127447281,2.2737367544323206e-13,1200.0,10800.0
2025-04-28,0.0,1.0,0.0,0.4,0.4,0.2,54423.58371917695,32740.303586857062,5081.143817900018,34183.245278004324,2.913225216616411e-13,1200.0,10058.561443333328
2025-04-29,0.2,0.8,0.0,0.2,0.2,0.6,62135.2317744856,36894.87867296516,34.36152666667823,239.7060100266997,2.2737367544323206e-13,1200.0,10800.0
2025-04-30,0.0,1.0,0.0,0.2,0.2,0.6,62503.35119777777,36974.899085048,63.26105000001766,292.82446340005896,1.1368683772161603e-13,1200.0,10800.0
2025-05-01,0.0,1.0,0.0,0.2,0.2,0.6,60302.616144567895,35883.85007001787,2725.370169135822,13106.905508881231,2.2737367544323206e-13,1200.0,10800.0
2025-05-02,0.0,1.0,0.0,0.2,0.2,0.6,27105.518143333335,13302.141115442668,2829.331976502069,13035.064552076441,1.1368683772161603e-13,1200.0,10800.0
2025-05-03,0.6,0.2,0.2,0.4,0.0,0.6,32133.600886666667,16957.280185373336,474.54513641975933,2263.161139648782,1.1368683772161603e-13,1200.0,10800.0
2025-05-04,0.6,0.2,0.2,0.4,0.0,0.6,60128.80719802469,35510.15188014668,2368.0744727160663,12126.586694290312,2.2737367544323206e-13,1200.0,10800.0
2025-05-05,0.8,0.0,0.2,0.4,0.0,0.6,59167.992667777784,34921.757823764485,2297.1836117819053,11821.062409297883,3.410605131648481e-13,1200.0,10800.0
2025-05-06,0.4,0.4,0.2,0.4,0.2,0.4,57878.60237975309,34127.35151960889,2507.6229267489866,12375.656876972676,2.2737367544323206e-13,1200.0,10800.0
2025-05-07,0.4,0.4,0.2,0.4,0.2,0.4,57877.56431839507,34127.4189449063,3142.9240323123604,17465.05025995757,2.1316282072803006e-13,1200.0,10800.0
2025-05-08,0.8,0.0,0.2,0.4,0.0,0.6,62791.65778707819,38115.46734958753,587.5114742946672,3410.915583259015,2.2737367544323206e-13,1200.0,10800.0
2025-05-09,0.8,0.0,0.2,0.2,0.4,0.4,33198.91769333334,18143.109716016,1.0902390101819037e-11,4.2279324929950235e-11,1.1368683772161603e-13,1898.0975185185205,10800.0
2025-05-10,0.8,0.0,0.2,0.4,0.0,0.6,34083.86210666667,18848.362896265335,1.0124470706251998e-11,3.686801763880254e-11,1.1368683772161603e-13,2062.08215925926,10800.0
2025-05-11,1.0,0.0,0.0,0.4,0.2,0.4,64350.28194300412,38875.59758695128,311.52627383334624,2120.361005767372,2.2737367544323206e-13,1200.0,10800.0
2025-05-12,1.0,0.0,0.0,0.0,0.6,0.4,64960.85713809835,39083.87329583672,41.4124507000127,205.80605946248326,1.1368683772161603e-13,1200.0,10800.0
2025-05-13,1.0,0.0,0.0,0.4,0.4,0.2,60022.55772950617,36240.30211734671,166.7232566666827,1062.7448994217193,2.2737367544323206e-13,1200.0,10800.0
2025-05-14,1.0,0.0,0.0,0.4,0.4,0.2,59437.04962641976,36111.86386322847,1.7544188324336574e-11,5.761640720081118e-11,1.1368683772161603e-13,1338.7783407407414,10800.0
2025-05-15,1.0,0.0,0.0,0.4,0.4,0.2,59125.63504666666,35840.93065207334,141.63207620001907,688.256117126276,2.2737367544323206e-13,1200.0,10800.0
2025-05-16,1.0,0.0,0.0,0.2,0.6,0.2,28011.736293333335,14527.521964818668,456.01571152264216,974.9615912354277,1.1368683772161603e-13,1304.2048592592607,10800.0
2025-05-17,1.0,0.0,0.0,0.0,0.8,0.2,28765.5812,14963.699811752002,168.28459400000978,1007.3438119720329,1.1368683772161603e-13,1200.0,10800.0
2025-05-18,1.0,0.0,0.0,0.2,0.6,0.2,57022.635032674894,34998.85493041121,389.18861470084937,2160.8378279076087,2.2737367544323206e-13,1200.0,10250.62389707407
2025-05-19,1.0,0.0,0.0,0.4,0.4,0.2,60233.39328139917,36238.75245076085,483.4826290205914,2389.6303835827002,2.2737367544323206e-13,1200.0,10800.0
2025-05-20,1.0,0.0,0.0,0.4,0.4,0.2,57096.06763901234,34603.431598333875,1071.9395596140234,5817.707995914057,2.2737367544323206e-13,1200.0,10751.172123074071
2025-05-21,1.0,0.0,0.0,0.2,0.6,0.2,56408.37105481481,34361.27700953326,732.5962973140109,3929.3240525995125,2.2737367544323206e-13,1200.0,10800.0
2025-05-22,0.4,0.6,0.0,0.2,0.6,0.2,59324.901991728395,35841.83916635893,65.64512053334388,440.94394876856603,2.2737367544323206e-13,1200.0,10800.0
2025-05-23,0.2,0.8,0.0,0.2,0.6,0.2,27466.6225,14238.548567611002,108.2295968724336,231.39487811328257,1.1368683772161603e-13,1201.694722222226,10800.0
2025-05-24,0.4,0.6,0.0,0.2,0.6,0.2,28246.484239999998,14656.270369769001,6.124878382252064e-12,2.7778921385390728e-11,1.1368683772161603e-13,1343.3165259259279,10800.0
2025-05-25,0.4,0.6,0.0,0.2,0.6,0.2,57891.45973152263,35240.78665441466,116.26206233334607,514.8190711728716,1.1368683772161603e-13,1200.0,10800.0
2025-05-26,0.2,0.8,0.0,0.2,0.6,0.2,56081.00407625515,34064.269086893546,1997.8092786181196,13109.430390812242,2.4868995751603507e-13,1200.0,10674.455576629633
2025-05-27,0.4,0.6,0.0,0.6,0.0,0.4,63133.03311835391,37996.33460749192,208.66722440330338,745.4891415942736,2.2737367544323206e-13,1200.0,10800.0
2025-05-28,0.4,0.6,0.0,0.0,0.6,0.4,63229.47395596707,37991.48158766168,51.39534000001943,358.53389184005385,2.2737367544323206e-13,1200.0,10800.0
2025-05-29,0.4,0.6,0.0,0.6,0.0,0.4,60690.93904806584,36485.78888893263,362.4995558847888,2387.3097943516887,1.1368683772161603e-13,1200.0,10800.0
2025-05-30,0.6,0.4,0.0,0.2,0.4,0.4,28785.93793666666,14950.202573435332,9.757528118825576e-12,3.720597963052796e-11,1.1368683772161603e-13,1510.9159259259234,10800.0
2025-05-31,0.6,0.4,0.0,0.4,0.2,0.4,29191.525419999998,15313.682229045,6.760147996942578e-12,2.5905312117657785e-11,1.1368683772161603e-13,1433.5348777777756,10800.0
2025-06-01,0.8,0.2,0.0,0.0,0.6,0.4,61247.709134444456,37309.38939779482,12665.959961246921,74650.59584089454,2.2737367544323206e-13,1200.0,9289.958517
2025-06-02,0.6,0.4,0.0,0.0,0.0,1.0,68323.08622674897,41779.114452596,5326.91914826627,28030.066300066544,2.7711166694643907e-13,1200.0,10312.445351962962
2025-06-03,0.0,1.0,0.0,0.0,0.0,1.0,69112.71992798353,42408.32807539247,3409.943820411539,15669.44974790803,2.8421709430404007e-13,1200.0,10735.943733888884
2025-06-04,0.0,1.0,0.0,0.0,0.0,1.0,68936.71919423869,42142.2893169342,4707.600790532939,25201.984002932353,3.268496584496461e-13,1200.0,9234.804134999998
2025-06-05,0.0,1.0,0.0,0.0,0.0,1.0,68401.33760061729,41858.03874006074,6754.277958417715,36221.532091215064,2.2737367544323206e-13,1200.0,9242.950560000001
2025-06-06,0.0,1.0,0.0,0.0,0.0,1.0,31638.339799999998,17042.988429291665,4554.993591024706,23156.238074739776,1.1368683772161603e-13,1200.0,10800.0
2025-06-07,0.0,1.0,0.0,0.0,0.0,1.0,31649.16915,17021.131958060003,3365.7206642078304,15933.897436274583,1.1368683772161603e-13,1200.0,10800.0
2025-06-08,0.0,1.0,0.0,0.0,0.0,1.0,68967.55328230454,42292.31296274933,3411.0523131687405,14748.096007546861,3.126388037344441e-13,1200.0,10800.0
2025-06-09,0.8,0.2,0.0,0.0,0.0,1.0,75060.73851555557,46864.731144572004,799.9235475720352,4098.34576683736,2.2737367544323206e-13,1200.0,10800.0
2025-06-10,1.0,0.0,0.0,0.0,0.0,1.0,76835.284481893,48301.29093694418,226.0244078189487,1143.2715768252613,2.8421709430404007e-13,1200.0,10800.0
2025-06-11,1.0,0.0,0.0,0.0,0.0,1.0,77330.86254897118,48310.12713647465,3791.1575232572154,23922.08556711661,2.5579538487363607e-13,1200.0,10800.0
2025-06-12,1.0,0.0,0.0,0.0,0.0,1.0,77210.53659012346,48494.87740579697,586.303983833355,3808.317016059753,2.2737367544323206e-13,1200.0,10800.0
2025-06-13,1.0,0.0,0.0,0.0,0.0,1.0,38137.88883333333,22199.778682493336,1.148414696672262e-11,3.78516786803118e-11,1.1368683772161603e-13,1464.598245185186,10800.0
2025-06-14,1.0,0.0,0.0,0.2,0.0,0.8,37820.63415666667,21891.410547684667,1.2752465750054398e-11,4.7676167902466205e-11,1.4921397450962104e-13,1418.1466112592595,10800.0
2025-06-15,1.0,0.0,0.0,0.2,0.0,0.8,76911.65290484115,48102.8932508571,111.0283533333577,754.0691318050802,2.2737367544323206e-13,1613.5499481481459,10800.0
2025-06-16,1.0,0.0,0.0,0.2,0.0,0.8,76669.49617003868,47953.95539571473,1019.7284132666884,6732.976116691691,3.268496584496461e-13,1200.0,10800.0
2025-06-17,1.0,0.0,0.0,0.6,0.0,0.4,76589.97058923457,47420.343305652685,2703.13285742866,18281.826770679814,2.2737367544323206e-13,1200.0,10800.0
2025-06-18,1.0,0.0,0.0,0.6,0.0,0.4,78753.74677025144,48998.06600211081,110.57935000001312,745.8156582750391,2.2737367544323206e-13,1427.6624925925917,10800.0
2025-06-19,1.0,0.0,0.0,0.8,0.0,0.2,76101.77707596666,47033.87506090225,186.20982000001663,1254.290746263387,2.2737367544323206e-13,1242.1800370370358,10800.0
2025-06-20,1.0,0.0,0.0,0.6,0.0,0.4,35072.58015333333,20189.92866704067,1.0752732038099566e-11,4.260327823857324e-11,1.1368683772161603e-13,1601.086552148152,10800.0
2025-06-21,1.0,0.0,0.0,0.6,0.0,0.4,35617.11855,20368.066475968,7.466249840604178e-12,2.318942882162389e-11,1.1368683772161603e-13,1578.2779852222227,10800.0
2025-06-22,0.0,1.0,0.0,0.6,0.0,0.4,73068.45752855967,45385.28314955447,95.72368666669304,656.8398990134335,2.2737367544323206e-13,1434.3761030370438,10800.0
2025-06-23,0.0,1.0,0.0,0.6,0.0,0.4,74728.93013185186,46349.42775788655,22.304816666687667,151.35469273340598,2.2737367544323206e-13,1397.5953481481497,10800.0
2025-06-24,0.0,1.0,0.0,0.8,0.0,0.2,72786.11518551441,45032.70191049471,7608.270023433347,45730.20594631122,3.410605131648481e-13,1200.0,10800.0
2025-06-25,0.8,0.2,0.0,0.0,0.2,0.8,75100.41127572017,46887.81865934508,296.505760097548,1770.7107769661059,2.2737367544323206e-13,1200.0,10800.0
2025-06-26,0.8,0.2,0.0,0.2,0.2,0.6,77070.310824,48141.8494950046,217.67968769548503,1006.4544532646296,2.2737367544323206e-13,1292.8178518518537,10800.0
2025-06-27,0.8,0.2,0.0,0.2,0.2,0.6,35016.86396666667,19869.40452362067,1.123612314302136e-11,4.4225068718262143e-11,1.1368683772161603e-13,1391.6852818518555,10800.0
2025-06-28,0.8,0.2,0.0,0.2,0.2,0.6,35483.38996666667,19952.089916657,8.983036536847067e-12,3.774087486974053e-11,1.1368683772161603e-13,1504.0820434074099,10800.0
2025-06-29,0.8,0.2,0.0,0.2,0.2,0.6,73918.50136769548,45880.67027783336,71.8019633333536,484.77431504841036,2.7711166694643907e-13,1257.097626111113,10800.0
2025-06-30,0.8,0.2,0.0,0.2,0.2,0.6,74659.65372514405,46482.40284224942,162.8612739000117,955.7353581315801,1.9895196601282805e-13,1430.1345148148198,10800.0
2025-07-01,1.0,0.0,0.0,0.0,0.0,1.0,75853.9108164609,47552.518856860595,7083.9749064279995,35725.97155121636,3.268496584496461e-13,1200.0,9691.652269771379
2025-07-02,1.0,0.0,0.0,0.4,0.0,0.6,72138.54372209877,44620.40258330818,5923.808892924702,29083.204889876815,2.2737367544323206e-13,1200.0,10800.0
2025-07-03,1.0,0.0,0.0,0.2,0.0,0.8,72820.89851004115,45491.19058867349,10582.784895068333,58313.330602548194,2.7000623958883807e-13,1200.0,9145.566299999999
2025-07-04,0.0,1.0,0.0,0.0,0.0,1.0,36662.842650000006,21038.66540742,6238.69055918931,27248.54776209362,1.1368683772161603e-13,1200.0,10800.0
2025-07-05,0.0,1.0,0.0,0.0,0.0,1.0,36963.660233333336,21004.672124911664,5886.211036148159,26285.58294943907,1.1368683772161603e-13,1200.0,10800.0
2025-07-06,0.0,1.0,0.0,0.0,0.0,1.0,75277.71498148149,47047.29896382704,8617.863619368323,47371.88880435607,3.268496584496461e-13,1200.0,9774.645585000002
2025-07-07,0.0,1.0,0.0,0.0,0.0,1.0,75465.94778065843,47401.42087635609,4428.498410078197,20087.033544235477,2.2737367544323206e-13,1200.0,10800.0
2025-07-08,0.0,1.0,0.0,0.0,0.0,1.0,75853.9108164609,47552.518856860595,5668.792904351869,27572.009504281043,2.7711166694643907e-13,1200.0,10800.0
2025-07-09,0.4,0.6,0.0,0.0,0.0,1.0,81088.74750798354,51255.34276833785,2010.872071111125,9238.367180345593,1.1368683772161603e-13,1200.0,10800.0
2025-07-10,0.8,0.2,0.0,0.0,0.0,1.0,87446.70889699302,56019.828915738944,757.3262518107108,3702.899902836309,2.2737367544323206e-13,1200.0,10800.0
2025-07-11,0.8,0.2,0.0,0.0,0.0,1.0,45031.91750666668,26956.591595887003,362.4882659860169,1000.0702765659853,1.1368683772161603e-13,1200.0,10800.0
2025-07-12,0.8,0.2,0.0,0.0,0.0,1.0,45025.89716666667,26849.83680000067,645.5714779045383,2338.8066014423225,1.1368683772161603e-13,1200.0,10800.0
2025-07-13,0.8,0.2,0.0,0.0,0.0,1.0,87112.36250662552,55682.95727734828,680.4000224691459,2972.2780552157055,2.2737367544323206e-13,1200.0,10800.0
2025-07-14,1.0,0.0,0.0,0.6,0.0,0.4,81109.79296493827,51114.81462899859,251.08869996667943,1527.3765564688401,1.1368683772161603e-13,1200.0,10800.0
2025-07-15,1.0,0.0,0.0,0.4,0.4,0.2,78332.9171255967,49388.67656623582,86.26936000001636,581.3210573633901,2.0605739337042905e-13,1506.3100356666675,10800.0
2025-07-16,1.0,0.0,0.0,0.8,0.0,0.2,80008.78205444444,50191.798390311,130.5956633333479,881.4731151767191,2.2737367544323206e-13,1320.6321481481496,10800.0
2025-07-17,1.0,0.0,0.0,0.8,0.0,0.2,78745.84712790123,49710.05608178366,226.87814786010364,788.2580143365941,2.2737367544323206e-13,1245.4507036296263,10800.0
2025-07-18,1.0,0.0,0.0,0.8,0.0,0.2,42781.10996,25288.708803307338,1.042588237964992e-11,3.8532913082534036e-11,1.6342482922482304e-13,1397.5444544444479,10800.0
2025-07-19,1.0,0.0,0.0,0.8,0.0,0.2,42651.52089,25111.657640825335,52.739040166682656,126.92943228472471,1.1368683772161603e-13,1200.0,10800.0
2025-07-20,1.0,0.0,0.0,0.8,0.0,0.2,78951.99259218106,49973.177548494874,30.769583333344876,210.9461566667062,2.2737367544323206e-13,1428.7940005555565,10800.0
2025-07-21,1.0,0.0,0.0,0.8,0.0,0.2,80728.94038516708,50845.27399908435,45.89539666668442,316.58665914672747,2.2737367544323206e-13,1583.6835296296306,10800.0
2025-07-22,0.8,0.2,0.0,0.8,0.0,0.2,81434.34274967079,51270.56008084469,141.65821000000955,955.5182802616956,2.2737367544323206e-13,1371.9102703703707,10800.0
2025-07-23,0.8,0.2,0.0,0.4,0.4,0.2,81399.58093246914,51165.075856722775,132.5485300000146,896.5875407850461,2.2737367544323206e-13,1265.0041962962964,10800.0
2025-07-24,0.8,0.2,0.0,0.8,0.0,0.2,80747.48036152264,50889.76650108192,37.210176666690444,250.78774333008326,2.2737367544323206e-13,1479.86291851852,10800.0
2025-07-25,0.8,0.2,0.0,0.8,0.0,0.2,42170.07594333334,24888.959534148336,8.93418672376356e-12,3.568191919711694e-11,1.1368683772161603e-13,1239.0181421481493,10800.0
2025-07-26,0.8,0.2,0.0,0.8,0.0,0.2,42346.98192333334,24994.775101212672,7.421618875014246e-12,2.937258258839392e-11,1.1368683772161603e-13,1400.2979382222252,10800.0
2025-07-27,0.8,0.2,0.0,0.8,0.0,0.2,80308.54478691358,50264.130665829274,924.321767866679,4815.418880811373,2.2737367544323206e-13,1200.0,10800.0
2025-07-28,0.4,0.6,0.0,0.0,0.8,0.2,81326.41258806584,51049.0318150193,1747.808507440761,11069.004743426494,2.2737367544323206e-13,1200.0,10800.0
2025-07-29,0.0,1.0,0.0,0.6,0.2,0.2,83627.40090213993,52765.322815448126,110.84648000001422,757.8862548683815,2.2737367544323206e-13,1250.9537407407408,10800.0
2025-07-30,0.0,1.0,0.0,0.6,0.2,0.2,84004.37932362841,52733.1079001748,33.670080000010024,231.46449930003428,2.2737367544323206e-13,1397.4900325925908,10800.0
2025-07-31,0.0,1.0,0.0,0.6,0.2,0.2,81607.54255045266,51347.79517041343,52.26006666668739,352.2275907667338,2.2737367544323206e-13,1332.6481074074063,10800.0
2025-08-01,0.0,1.0,0.0,0.8,0.0,0.2,42074.76580666666,24675.514121169,8.15791878494565e-12,3.4521960401434623e-11,1.1368683772161603e-13,1225.0349091481517,10800.0
2025-08-02,0.0,1.0,0.0,0.8,0.0,0.2,41669.71896333333,24508.823598882336,9.780620757737779e-12,3.776963275470279e-11,1.1368683772161603e-13,1385.225765888891,10800.0
2025-08-03,0.0,1.0,0.0,0.8,0.0,0.2,75072.53601316872,47548.02007886813,322.59224831277106,2001.8387620227168,2.2737367544323206e-13,1226.047574074074,10800.0
2025-08-04,0.0,1.0,0.0,0.8,0.0,0.2,71032.47738037037,45097.94728854248,188.46372961648308,853.491099045429,2.0250467969162855e-13,1200.0,10800.0
2025-08-05,0.0,1.0,0.0,0.4,0.6,0.0,68880.58589320988,43998.39008204353,283.53754535475065,1964.8778426846652,2.1316282072803006e-13,1200.0,10483.347696333334
2025-08-06,0.4,0.6,0.0,0.8,0.0,0.2,74812.04551893004,47216.433928525264,765.4470028205997,4525.380926938796,3.126388037344441e-13,1200.0,10800.0
2025-08-07,0.2,0.8,0.0,0.6,0.2,0.2,75992.6149754321,48016.702474904545,50.04150333334788,337.99961957171666,2.2737367544323206e-13,1218.3040259259283,10800.0
2025-08-08,0.2,0.8,0.0,0.6,0.4,0.0,40223.32520333334,23449.073582739667,1.127542503809309e-11,4.3223634893507784e-11,1.1368683772161603e-13,1403.415460296297,10800.0
2025-08-09,0.2,0.8,0.0,0.6,0.4,0.0,40143.962426666665,23362.306695032334,1.0236700376253793e-11,4.119610830244369e-11,1.1368683772161603e-13,1423.2092006296293,10800.0
2025-08-10,0.2,0.8,0.0,0.6,0.4,0.0,69091.11373020576,43993.92704604064,482.54210313335204,3340.170624838207,2.2737367544323206e-13,1200.0,10800.0
2025-08-11,0.2,0.8,0.0,0.0,0.8,0.2,73862.69916679013,46602.669096864964,219.07063000001273,1477.1026914483732,2.2737367544323206e-13,1295.366251851854,10800.0
2025-08-12,0.4,0.6,0.0,0.0,0.8,0.2,73221.19758423869,46333.345279427354,522.8691759333518,3571.78158955267,2.2737367544323206e-13,1200.0,10800.0
2025-08-13,0.0,1.0,0.0,0.0,0.8,0.2,73742.69458115226,46690.799826129994,112.58444666668541,764.1521615934016,2.2737367544323206e-13,1441.8055976296334,10800.0
2025-08-14,0.0,1.0,0.0,0.0,0.8,0.2,74909.09374238682,47715.69876695286,74.26558000001204,504.6412873850488,2.2737367544323206e-13,1288.7540629629668,10800.0
2025-08-15,0.0,1.0,0.0,0.0,0.8,0.2,40873.75184,23919.420749352998,9.014122781536571e-12,3.9810768459602745e-11,1.6342482922482304e-13,1547.2027330740764,10800.0
2025-08-16,0.0,1.0,0.0,0.0,0.8,0.2,40760.38772666667,23950.10896017033,8.622436098448816e-12,3.5389884356362705e-11,1.1368683772161603e-13,1284.7270925925916,10800.0
2025-08-17,0.0,1.0,0.0,0.0,0.8,0.2,72705.73531942921,46434.01738446423,53.24653000001028,358.58369125836504,1.1368683772161603e-13,1439.5297832592564,10800.0
2025-08-18,0.0,1.0,0.0,0.2,0.8,0.0,68842.09628839506,44097.74410637734,310.68444666668387,2108.4867782583938,3.126388037344441e-13,1326.61938888889,10800.0
2025-08-19,0.0,1.0,0.0,0.2,0.8,0.0,68264.9684553498,43498.19476677576,570.8261814333522,3734.6155371914156,2.1316282072803006e-13,1200.0,10800.0
2025-08-20,0.2,0.8,0.0,0.4,0.6,0.0,69277.33908740741,44125.54326648039,5332.390330866674,34267.446531001624,2.7711166694643907e-13,1200.0,10800.0
2025-08-21,0.6,0.4,0.0,0.0,0.6,0.4,75504.60645139919,47848.7560932815,60.74931463334851,400.1545789641802,1.1368683772161603e-13,1200.0,10800.0
2025-08-22,0.6,0.4,0.0,0.0,0.6,0.4,41343.527286666664,24097.97237390333,365.79339966955513,2229.2231348193254,1.1368683772161603e-13,1200.0,10800.0
2025-08-23,0.6,0.4,0.0,0.0,0.6,0.4,40738.59811666666,23834.147247656663,53.515536925110915,117.11766743496676,1.1368683772161603e-13,1200.0,10800.0
2025-08-24,0.8,0.2,0.0,0.0,0.6,0.4,75761.63212831276,48109.64690496902,30.641813333349727,206.41225261672133,2.2737367544323206e-13,1261.3301122962973,10800.0
2025-08-25,0.8,0.2,0.0,0.0,0.6,0.4,77498.86686098766,48800.472943821864,137.0415417333419,937.9382830684094,2.2737367544323206e-13,1200.0,10800.0
2025-08-26,0.8,0.2,0.0,0.0,0.6,0.4,74747.28939555556,47507.49817078006,44.702903333344786,309.52110462837413,2.2737367544323206e-13,1500.8490185185199,10800.0
2025-08-27,0.8,0.2,0.0,0.0,0.6,0.4,79100.81087152264,49962.418260705774,56.2753400000145,380.0585361683779,3.410605131648481e-13,1241.6700296296315,10800.0
2025-08-28,0.8,0.2,0.0,0.0,0.8,0.2,72962.73618711934,46494.13508371172,2082.1249005666855,14166.975029234585,2.2737367544323206e-13,1200.0,10800.0
2025-08-29,1.0,0.0,0.0,0.0,0.6,0.4,42261.61070333333,25115.491207033,1.2323031484129388e-11,4.460205227374559e-11,1.1368683772161603e-13,1426.0266899629642,10800.0
2025-08-30,1.0,0.0,0.0,0.0,0.6,0.4,41284.16527333333,24289.036822929666,152.40501416008993,593.6345935136901,1.1368683772161603e-13,1200.0,10800.0
2025-08-31,1.0,0.0,0.0,0.0,0.6,0.4,77557.51971263374,49118.66345792127,187.99533000001247,1273.3642532350452,2.2737367544323206e-13,1233.6634333333352,10800.0
2025-09-01,0.6,0.4,0.0,0.6,0.0,0.4,76912.1937503292,48545.31662973928,1.0338396805309458e-11,4.4718809988353316e-11,1.1368683772161603e-13,2926.2223888888902,10800.0
2025-09-02,0.4,0.6,0.0,0.6,0.2,0.2,73697.790628107,46714.991435236094,5.6417093219351955e-12,2.4375676588306305e-11,2.2737367544323206e-13,2388.6734814814813,10800.0
2025-09-03,1.0,0.0,0.0,0.8,0.0,0.2,72754.6674991358,46015.111210532494,9.183320770489445e-12,3.384686642071699e-11,2.2737367544323206e-13,2877.317137037036,10800.0
2025-09-04,0.4,0.6,0.0,0.6,0.2,0.2,74606.34716164609,47500.348065766964,1.390176862514636e-11,5.7952632914748393e-11,2.2737367544323206e-13,2758.864703703707,10800.0
2025-09-05,0.8,0.0,0.2,0.0,1.0,0.0,41744.52960333334,24833.68233514734,1.0885514711844735e-11,4.041362444695551e-11,2.2737367544323206e-13,3380.8721391111126,10800.0
2025-09-06,0.8,0.0,0.2,0.0,1.0,0.0,43059.74887,25780.36718393967,1.4452439245360438e-11,5.747696718572115e-11,2.2737367544323206e-13,3623.1435040000033,10800.0
2025-09-07,0.8,0.0,0.2,0.0,1.0,0.0,64375.76788728396,40906.74409803171,1.5063505998114124e-11,5.48513909848225e-11,2.2737367544323206e-13,1943.439296296295,10800.0
2025-09-08,0.0,0.6,0.4,0.6,0.4,0.0,62286.614656954735,38848.79048666293,3150.112588600017,21415.121976779323,1.1368683772161603e-13,1200.0,10800.0
2025-09-09,0.0,0.6,0.4,0.8,0.0,0.2,68148.37588197531,42386.824299919404,1.1862955062724723e-11,4.2412558798332607e-11,4.547473508864641e-13,1680.4645111111145,10800.0
2025-09-10,0.0,0.6,0.4,0.8,0.0,0.2,63053.82838238682,39783.95876662938,3394.270019433349,21491.910099724693,1.5987211554602254e-13,1200.0,10800.0
2025-09-11,0.0,0.6,0.4,0.2,0.4,0.4,67729.96618366253,42148.34933225518,1.0879824818843531e-11,4.3662604518046595e-11,2.2737367544323206e-13,1818.849640740742,10800.0
2025-09-12,0.2,0.6,0.2,0.2,0.6,0.2,40829.07247333333,23961.94604592167,1.3287149158713873e-11,5.047681383985036e-11,1.1368683772161603e-13,3308.696390037037,10800.0
2025-09-13,0.8,0.2,0.0,0.2,0.4,0.4,33949.18128666667,18919.437599786335,1.2800427384718205e-11,4.7291665694615404e-11,1.1368683772161603e-13,1877.2149945185197,10800.0
2025-09-14,0.8,0.2,0.0,0.0,0.6,0.4,66703.07397444446,41295.72820583866,1.7329249146769143e-11,6.659602913572371e-11,2.2737367544323206e-13,1517.981028,10800.0
2025-09-15,0.8,0.2,0.0,0.2,0.4,0.4,64209.549103868325,39633.51533987175,249.95955513334695,1731.3314140768464,2.2737367544323206e-13,1200.0,10800.0
2025-09-16,0.8,0.2,0.0,0.0,0.8,0.2,65244.58689316873,40156.03182840336,354.53910594322593,1391.2527574233236,1.1368683772161603e-13,1200.0,10800.0
2025-09-17,0.8,0.2,0.0,0.0,0.8,0.2,61760.71805090535,38516.60031604253,2204.5646051049584,13621.153304217105,2.2737367544323206e-13,1200.0,10800.0
2025-09-18,1.0,0.0,0.0,0.2,0.4,0.4,65501.02084168724,40299.42745822092,475.70365628602354,2458.662996537123,2.2737367544323206e-13,1200.0,10800.0
2025-09-19,0.8,0.2,0.0,0.2,0.4,0.4,32060.83146,17485.112474073336,373.32417383334473,1886.4818058973683,1.1368683772161603e-13,1200.0,10800.0
2025-09-20,0.8,0.2,0.0,0.2,0.4,0.4,31902.776303333332,17384.324507923666,908.5463163666791,4489.450276565237,1.1368683772161603e-13,1200.0,10800.0
2025-09-21,0.8,0.2,0.0,0.2,0.4,0.4,67433.7297715638,41575.895181135435,251.85124213334592,1617.7354131105028,2.2737367544323206e-13,1200.0,10800.0
2025-09-22,0.6,0.4,0.0,0.2,0.4,0.4,66516.20553539094,41091.54473080102,496.82497020042825,2973.6444700613174,2.2737367544323206e-13,1200.0,10800.0
2025-09-23,0.2,0.8,0.0,0.2,0.4,0.4,65981.45160716049,40681.85940686659,1571.4604664000103,9622.029108044182,2.2737367544323206e-13,1200.0,10800.0
2025-09-24,0.2,0.8,0.0,0.4,0.0,0.6,68442.81484131688,42153.49291812781,641.1355593000061,3530.4328548700714,2.2737367544323206e-13,1200.0,10800.0
2025-09-25,0.0,1.0,0.0,0.4,0.0,0.6,67554.99302876543,41719.63400932252,597.0357416123601,2799.656980117712,3.304023721284466e-13,1200.0,10800.0
2025-09-26,0.2,0.8,0.0,0.4,0.0,0.6,32598.51812666667,17818.972855464002,1.3590240044436541e-11,4.885323889869397e-11,1.1368683772161603e-13,1340.3071731851878,10800.0
2025-09-27,0.0,1.0,0.0,0.4,0.0,0.6,32249.413586666666,17635.304901660667,1559.433135885612,8091.614654261813,1.1368683772161603e-13,1200.0,10800.0
2025-09-28,0.2,0.8,0.0,0.4,0.0,0.6,68768.8458814815,42376.606892247786,990.2157154666796,5042.333954718678,2.2737367544323206e-13,1200.0,10800.0
2025-09-29,0.4,0.6,0.0,0.2,0.2,0.6,68766.78625567902,42374.18148494982,588.2169590666846,3494.347198113629,2.2737367544323206e-13,1200.0,10800.0
2025-09-30,0.8,0.2,0.0,0.4,0.0,0.6,68793.93492111113,42673.433063437675,1756.8061664666825,10394.227798618542,2.2737367544323206e-13,1200.0,10733.638538999998
2025-10-01,0.4,0.6,0.0,0.0,0.8,0.2,67257.72987242797,41511.23077345014,1.340039190722564e-11,4.0457977412700076e-11,4.547473508864641e-13,2131.036311111111,10800.0
2025-10-02,0.6,0.4,0.0,0.0,0.8,0.2,69323.45947267489,43145.7076217961,1.2149836692287863e-11,3.942369519727152e-11,2.2737367544323206e-13,2271.0515185185204,10800.0
2025-10-03,0.6,0.4,0.0,0.2,0.6,0.2,31893.83594333333,17253.601835033667,1.057243181890044e-11,4.075902904077111e-11,1.1368683772161603e-13,1274.7868018888905,10800.0
2025-10-04,0.8,0.2,0.0,0.2,0.6,0.2,32664.991603333336,17842.66491450667,364.3397532333429,1381.4065471381027,1.1368683772161603e-13,1200.0,10800.0
2025-10-05,0.6,0.4,0.0,0.2,0.4,0.4,65139.785076543216,40323.45594794019,9.171774451033343e-12,2.947659472063435e-11,2.2737367544323206e-13,1460.7324865555572,10800.0
2025-10-06,0.8,0.2,0.0,0.4,0.4,0.2,65241.450094897125,40597.63686808877,1.2283507544452732e-11,3.944943305356219e-11,2.2737367544323206e-13,1475.103005629631,10800.0
2025-10-07,0.8,0.2,0.0,0.2,0.6,0.2,64181.37533037038,39958.28942681945,850.4947796666843,4340.222020770052,1.1368683772161603e-13,1200.0,10800.0
2025-10-08,1.0,0.0,0.0,0.6,0.4,0.0,61467.30807370371,37206.46641245211,557.9224202666765,3238.6792476509886,1.1368683772161603e-13,1200.0,10800.0
2025-10-09,0.8,0.2,0.0,0.6,0.4,0.0,61566.18432666667,37552.583044599,266.392483066685,1826.7034713931348,2.2737367544323206e-13,1200.0,10800.0
2025-10-10,0.6,0.4,0.0,0.6,0.4,0.0,30788.10826333333,16043.756729809666,293.76365466667704,1118.1639980597051,1.1368683772161603e-13,1200.0,10800.0
2025-10-11,0.6,0.4,0.0,0.6,0.4,0.0,32084.766066666667,16926.318992981334,9.598988270909103e-12,3.825659589118402e-11,1.1368683772161603e-13,1394.9442565925883,10800.0
2025-10-12,0.6,0.4,0.0,0.6,0.4,0.0,62959.70856164608,38907.59262804109,145.6053079000228,967.7712207104917,2.4868995751603507e-13,1200.0,10800.0
2025-10-13,0.6,0.4,0.0,0.8,0.2,0.0,64358.05845263374,39565.36442959294,1.8423484959839698e-11,6.19988695937934e-11,2.2737367544323206e-13,1292.0590925555564,10800.0
2025-10-14,0.6,0.4,0.0,0.8,0.2,0.0,62493.179229053494,38535.818983731646,2758.0114249666954,16506.74228270524,2.2737367544323206e-13,1200.0,10668.372183518513
2025-10-15,0.6,0.4,0.0,0.4,0.4,0.2,63142.19246526749,38379.38203313087,2681.8962713666883,16888.04258789942,2.2737367544323206e-13,1200.0,10554.789860740739
2025-10-16,0.6,0.4,0.0,0.6,0.0,0.4,66048.47058934157,39907.8722828321,2889.8066266666815,17955.67444221672,2.2737367544323206e-13,1200.0,10800.0
2025-10-17,0.6,0.4,0.0,0.6,0.0,0.4,30367.378803333333,15615.92103015267,748.2858348679125,3239.763538949478,1.1368683772161603e-13,1200.0,10800.0
2025-10-18,0.6,0.4,0.0,0.6,0.0,0.4,30417.235726666666,15636.85081085133,840.9557836794395,3916.605206357891,1.1368683772161603e-13,1200.0,10800.0
2025-10-19,0.2,0.8,0.0,0.8,0.0,0.2,66239.56971547325,40165.27807255235,2622.0294116880814,16175.792620422242,2.2737367544323206e-13,1200.0,10791.939765592593
2025-10-20,0.2,0.8,0.0,0.8,0.0,0.2,67690.75723592592,41382.949872295816,1755.834372155161,8749.448742153161,2.2737367544323206e-13,1200.0,10800.0
2025-10-21,0.2,0.8,0.0,0.8,0.0,0.2,67741.08182703704,41313.66471340767,2692.5420414905516,16807.167903223275,2.2737367544323206e-13,1200.0,10725.72786237037
2025-10-22,1.0,0.0,0.0,1.0,0.0,0.0,70217.02761893003,42822.6049206851,1708.318390880673,9186.186091681062,2.2737367544323206e-13,1200.0,10800.0
2025-10-23,0.8,0.2,0.0,1.0,0.0,0.0,69809.57619691358,43001.92830577931,308.77803676298134,1782.9859019503397,2.2737367544323206e-13,1200.0,10800.0
2025-10-24,0.6,0.4,0.0,1.0,0.0,0.0,31854.402268477366,16528.601597425644,739.7191621790275,4129.457543347625,1.1368683772161603e-13,1200.0,10800.0
2025-10-25,0.4,0.6,0.0,1.0,0.0,0.0,32195.549228518517,16781.137200945926,296.96209012346986,1248.3205988473308,1.1368683772161603e-13,1200.0,10800.0
2025-10-26,0.2,0.8,0.0,1.0,0.0,0.0,69374.27544440329,42666.72691706356,97.99389150001453,465.6933361667154,2.2737367544323206e-13,1200.0,10800.0
2025-10-27,0.4,0.6,0.0,1.0,0.0,0.0,69059.14263333332,42348.730261823664,1303.0395978185354,8332.444397218926,2.2737367544323206e-13,1200.0,10800.0
2025-10-28,0.6,0.4,0.0,0.4,0.6,0.0,68652.78254497943,42131.35514894209,1745.4994667333467,10475.544261667994,2.2737367544323206e-13,1200.0,10734.594574074077
2025-10-29,0.2,0.8,0.0,0.4,0.6,0.0,68439.80565436215,42267.371708302686,4700.607982332516,29016.994368377455,3.161915174132446e-13,1200.0,10800.0
2025-10-30,0.4,0.6,0.0,0.8,0.2,0.0,72889.47245641975,44879.51871628272,377.08954798561723,1776.3961289296608,2.2737367544323206e-13,1200.0,10800.0
2025-10-31,0.4,0.6,0.0,0.8,0.2,0.0,32904.84733539095,17236.673897004126,330.66282206667864,1977.9567543732137,1.1368683772161603e-13,1200.0,10800.0
2025-11-01,0.8,0.2,0.0,0.8,0.2,0.0,33137.978724979424,17434.919621110865,141.59361333334581,753.3954455167133,1.1368683772161603e-13,1200.0,10800.0
2025-11-02,0.8,0.2,0.0,0.8,0.2,0.0,72770.25113312757,44773.92357500513,1160.0382799666818,6231.73733522801,3.410605131648481e-13,1200.0,10800.0
2025-11-03,0.6,0.4,0.0,0.6,0.4,0.0,73052.39309818929,45027.45080537344,872.7893381000197,5883.979590199366,2.2737367544323206e-13,1200.0,10475.054003370367
2025-11-04,0.6,0.4,0.0,1.0,0.0,0.0,73614.44667617284,45095.123148441024,651.3746902333478,4062.3504317566426,2.2737367544323206e-13,1200.0,10800.0
2025-11-05,0.6,0.4,0.0,1.0,0.0,0.0,72189.65177720165,44636.32552858168,1831.4955582333548,11061.152710864908,2.2737367544323206e-13,1200.0,10580.008662888888
2025-11-06,0.4,0.6,0.0,0.4,0.6,0.0,72280.67239497943,44568.38091548112,3329.7777846374715,17746.71661373876,2.2737367544323206e-13,1200.0,10605.434573999997
2025-11-07,0.4,0.6,0.0,0.6,0.4,0.0,33763.36057930041,17767.73395454236,670.914446266677,3820.2324462716983,1.1368683772161603e-13,1200.0,10800.0
2025-11-08,0.0,1.0,0.0,0.8,0.2,0.0,33689.48670938271,17623.52983082196,54.62263140001285,333.90814574824435,1.1368683772161603e-13,1200.0,10800.0
2025-11-09,0.0,1.0,0.0,0.8,0.2,0.0,73379.06441300412,45237.11255310071,2643.648249066687,17194.856789296395,2.2737367544323206e-13,1200.0,10679.796401925927
2025-11-10,0.4,0.6,0.0,1.0,0.0,0.0,75759.75658146667,46796.61122083767,2653.3051945000166,16037.239451534715,2.2737367544323206e-13,1200.0,10729.04185474074
2025-11-11,0.4,0.6,0.0,1.0,0.0,0.0,77362.57780213334,47939.80552281621,235.6366170876696,772.9631321308669,1.1368683772161603e-13,1200.0,10800.0
2025-11-12,0.6,0.4,0.0,1.0,0.0,0.0,75771.84032938271,47054.43190121812,466.06714290002054,2766.281301373385,2.2737367544323206e-13,1200.0,10800.0
2025-11-13,0.4,0.6,0.0,1.0,0.0,0.0,75239.24081536668,46857.13787318687,1635.1460755000194,11182.142422783407,2.2737367544323206e-13,1200.0,10581.038384518513
2025-11-14,0.8,0.2,0.0,1.0,0.0,0.0,34219.031140082305,18044.32804871761,225.7600551333448,1282.5101070107644,1.1368683772161603e-13,1200.0,10800.0
2025-11-15,1.0,0.0,0.0,1.0,0.0,0.0,34272.59589629629,18046.34708738167,690.1482011502188,3630.2095814726044,1.1368683772161603e-13,1200.0,10800.0
2025-11-16,1.0,0.0,0.0,1.0,0.0,0.0,78053.88880483335,48735.2016824647,1399.7880851070142,8595.780969280988,2.2737367544323206e-13,1200.0,10772.916551111111
2025-11-17,0.8,0.2,0.0,1.0,0.0,0.0,78822.02936920001,49306.10610594704,1.482280964637539e-11,5.761500299072964e-11,2.2737367544323206e-13,1252.7174111111142,10800.0
2025-11-18,0.8,0.2,0.0,1.0,0.0,0.0,77707.22638840001,48539.74730771739,1651.0774028666813,11158.208761296703,2.2737367544323206e-13,1200.0,10693.872190407406
2025-11-19,1.0,0.0,0.0,0.4,0.6,0.0,77925.00712796666,48590.759428427205,2170.102866605783,12116.20792274847,2.2737367544323206e-13,1200.0,10480.523553222221
2025-11-20,1.0,0.0,0.0,1.0,0.0,0.0,79411.31449,49859.805172761,915.804280763394,5606.527881555159,2.2737367544323206e-13,1200.0,10800.0
2025-11-21,0.8,0.2,0.0,0.2,0.8,0.0,34808.78113855968,18384.182958854486,338.151566089311,1853.6125323392366,1.1368683772161603e-13,1200.0,10800.0
2025-11-22,0.6,0.4,0.0,0.2,0.8,0.0,34750.42691333333,18309.813297457666,990.0466390082446,5195.2477967798295,1.1368683772161603e-13,1200.0,10800.0
2025-11-23,0.8,0.2,0.0,0.2,0.8,0.0,79735.04489066874,49791.699184498706,1385.4728616000152,6628.016457939094,2.2737367544323206e-13,1200.0,10800.0
2025-11-24,0.8,0.2,0.0,1.0,0.0,0.0,79421.38659341563,49672.651119344104,1321.610024066274,7744.669701433936,2.2737367544323206e-13,1200.0,10800.0
2025-11-25,0.8,0.2,0.0,0.8,0.2,0.0,78751.98651530576,49150.408781790415,2035.5935468531056,11721.506790843123,2.2737367544323206e-13,1200.0,10490.421101000002
2025-11-26,0.2,0.8,0.0,0.2,0.8,0.0,78682.41365353705,49136.801393636,2652.9383925551574,16108.615732373828,2.2737367544323206e-13,1200.0,10800.0
2025-11-27,0.4,0.6,0.0,1.0,0.0,0.0,81351.43608938271,51062.67524885751,487.3669934333541,3399.87214619101,2.2737367544323206e-13,1200.0,10800.0
2025-11-28,0.2,0.8,0.0,1.0,0.0,0.0,35392.876274526745,18870.392152054967,771.5083002333431,4376.914774568673,1.1368683772161603e-13,1200.0,10800.0
2025-11-29,0.4,0.6,0.0,1.0,0.0,0.0,35869.460704197525,18887.43129324726,2339.5586870045427,14465.12455991162,1.4921397450962104e-13,1200.0,8671.744605814816
2025-11-30,0.6,0.4,0.0,1.0,0.0,0.0,85360.16244950617,53690.712563800116,321.4581887160707,1619.4009337913383,2.2737367544323206e-13,1200.0,10726.820674814811
2025-12-01,0.4,0.6,0.0,1.0,0.0,0.0,84414.57012781894,52983.84524482774,6983.0414926424,36496.60336409922,2.2737367544323206e-13,1200.0,10188.777900000001
2025-12-02,0.8,0.2,0.0,1.0,0.0,0.0,83274.47702773663,52525.92593032659,9488.002384493017,52277.77974663998,3.410605131648481e-13,1200.0,9718.523058777779
2025-12-03,1.0,0.0,0.0,1.0,0.0,0.0,85598.23448847735,54150.86056505092,6132.555227952704,33407.74650921619,2.2737367544323206e-13,1200.0,9592.856455925927
2025-12-04,0.6,0.4,0.0,1.0,0.0,0.0,84620.19673193415,53355.06419917481,7041.387610551044,36156.524072116066,2.2737367544323206e-13,1200.0,10338.605115407407
2025-12-05,0.4,0.6,0.0,1.0,0.0,0.0,37176.08742127572,19621.25500627727,7197.279886350221,39003.66638310204,2.2737367544323206e-13,1200.0,8077.383721148148
2025-12-06,0.0,0.8,0.2,1.0,0.0,0.0,46572.708876995894,25252.715080345715,1329.7366124666835,7508.260657969035,1.3500311979441904e-13,1200.0,9936.595830703704
2025-12-07,0.0,0.8,0.2,1.0,0.0,0.0,85252.88695748973,53624.30024107882,7040.703901017293,38948.574877337436,2.2737367544323206e-13,1200.0,9875.334963000001
2025-12-08,0.0,0.8,0.2,1.0,0.0,0.0,83730.73020666666,52645.09515515099,8459.913467366681,48426.104894578384,2.2737367544323206e-13,1200.0,9855.944992000002
2025-12-09,0.8,0.0,0.2,0.8,0.2,0.0,90522.18866769547,57274.26007003744,2278.6796846333477,13022.190456674183,2.2737367544323206e-13,1200.0,10405.081058259258
2025-12-10,0.8,0.0,0.2,1.0,0.0,0.0,89359.46377316873,56413.97325044198,3614.0888700794376,21434.5381505596,2.2737367544323206e-13,1200.0,10341.575304296297
2025-12-11,0.8,0.0,0.2,0.6,0.4,0.0,90722.1565714815,57452.76987975981,983.3876945666792,4896.263208433428,2.2737367544323206e-13,1200.0,10800.0
2025-12-12,0.8,0.0,0.2,0.8,0.2,0.0,51931.95019032922,28028.825982900617,1.488453804654455e-11,5.1459475125525954e-11,2.2737367544323206e-13,2150.402638666667,10800.0
2025-12-13,1.0,0.0,0.0,0.4,0.6,0.0,46775.949869012344,24127.58625959774,1458.9100928000146,9547.103684087717,2.2737367544323206e-13,1200.0,10800.0
2025-12-14,1.0,0.0,0.0,0.6,0.4,0.0,94858.565393786,60564.67708064671,107.04609706668481,547.2661147617943,2.2737367544323206e-13,1200.0,10800.0
2025-12-15,1.0,0.0,0.0,0.4,0.6,0.0,93872.02205209876,59800.93230142887,626.2123601016746,3441.542254087096,2.2737367544323206e-13,1200.0,10800.0
2025-12-16,1.0,0.0,0.0,0.2,0.8,0.0,93910.22228008231,59946.53149017568,593.6117975354118,2569.5763297623744,2.2737367544323206e-13,1200.0,10792.078377592588
2025-12-17,1.0,0.0,0.0,0.2,0.8,0.0,94198.61180629629,59834.53816901129,132.86470800001794,817.0858346690693,2.2737367544323206e-13,1200.0,10800.0
2025-12-18,1.0,0.0,0.0,0.6,0.4,0.0,92631.65821530865,58937.94617729089,1268.8393355662768,5972.47585994909,2.2737367544323206e-13,1200.0,10800.0
2025-12-19,1.0,0.0,0.0,0.4,0.6,0.0,46121.087665802464,23883.82343910048,1018.1429578271814,5513.32921815479,2.2737367544323206e-13,1200.0,10800.0
2025-12-20,1.0,0.0,0.0,1.0,0.0,0.0,47233.69905514403,24425.373315228397,669.9989430823164,2927.69440194807,2.2737367544323206e-13,1200.0,10800.0
2025-12-21,0.8,0.2,0.0,0.4,0.6,0.0,93716.4573452675,59787.92923506186,613.123395633349,3237.825630248255,2.2737367544323206e-13,1200.0,10673.23828688889
2025-12-22,0.2,0.8,0.0,0.4,0.6,0.0,93524.65550716051,59563.158455998724,571.0058138259377,3366.9761544638477,2.5224267119483557e-13,1200.0,10702.580021333339
2025-12-23,0.2,0.8,0.0,0.4,0.6,0.0,93934.93931271604,59913.13015681361,2.15192585972801e-11,7.874351161396564e-11,2.2737367544323206e-13,1317.1433148148162,10800.0
2025-12-24,0.2,0.8,0.0,0.2,0.8,0.0,93193.29304670781,59164.34497273167,627.2748983666901,4371.659491422611,2.2737367544323206e-13,1200.0,10800.0
2025-12-25,0.0,1.0,0.0,0.2,0.8,0.0,91973.7489036214,58549.50700526603,969.995182866693,5816.564686164579,2.2737367544323206e-13,1200.0,10448.632091481488
2025-12-26,0.2,0.8,0.0,0.4,0.6,0.0,46591.73594868313,24126.780089499123,704.0860610934387,4137.126212260917,1.1368683772161603e-13,1200.0,10732.324597777775
2025-12-27,0.2,0.8,0.0,0.4,0.6,0.0,47141.897661810704,24344.35864628573,686.9928157000187,4403.189277789908,2.2737367544323206e-13,1200.0,10800.0
2025-12-28,0.0,1.0,0.0,0.6,0.4,0.0,94185.69547539094,60219.8590653502,200.17342290001957,1178.1900356557278,2.2737367544323206e-13,1200.0,10800.0
2025-12-29,0.4,0.6,0.0,0.8,0.2,0.0,92777.21131020575,58994.460017617035,133.2020471407585,526.3671223815021,3.304023721284466e-13,1200.0,10800.0
2025-12-30,0.6,0.4,0.0,0.8,0.2,0.0,92709.78174641976,58752.23424346964,743.4117669333557,3635.740236434848,2.2737367544323206e-13,1200.0,10800.0
2025-12-31,0.4,0.6,0.0,0.8,0.2,0.0,91855.00514427983,58341.32511369104,1957.1529742638086,11670.634580206934,2.2737367544323206e-13,1200.0,10800.0
