,mse_plan,mse_adj,mse_both,mae_plan,mae_adj,mae_both,A,L05
2025-02-01,21248.97586254831,21502.257101118845,21242.795112645577,21292.54087890677,21536.17865531081,21313.244652723854,21505.69761637829,21315.633104030218
2025-02-02,53925.57058628288,54098.280431987485,53953.403772772275,53912.17702210688,54128.62141930801,53940.725199188564,54057.05916161086,53619.45219462371
2025-02-03,55554.09268133334,56235.89900944432,55470.517274855345,55544.45711279764,56149.64549802202,55487.61913819999,56306.601649312186,55446.66852274403
2025-02-04,56485.60134217976,58200.76331171658,56962.74328043536,56518.41842751109,59079.50575897181,57949.93497050709,57601.379640171726,56688.33167994524
2025-02-05,55508.82573809619,55222.2803298416,55333.7612960674,55515.26726812601,55023.30495101328,55245.94294963925,55488.19508076013,55854.308049389
2025-02-06,57016.99728303421,57617.264082018475,56956.42077970703,56998.81785844723,57570.33058436965,56886.75037480738,57686.67791448869,56990.32579673592
2025-02-07,21268.984887467923,21790.56350856012,21039.834256021473,21204.820588616956,21814.692430547293,20980.976341702386,21783.355243723843,21394.556945747805
2025-02-08,22214.02795047641,21899.433785361172,22216.785519381494,22448.478641361155,21849.137758945864,22375.7894251134,21885.99282361813,23160.814321365142
2025-02-09,56350.36336327903,56190.088065699616,56068.282876986006,56371.869984496014,55805.75577717985,55662.47092368042,56568.482067401776,55262.58267404255
2025-02-10,52518.09897824047,52028.072281056135,52437.181037408154,52512.39590704892,52218.02184181442,52651.79172856734,52505.94696657542,52600.39241372241
2025-02-11,57213.55306474402,54893.28869650424,54561.03907932868,57143.712029634306,54274.767262640584,53320.298383194015,56973.01990240321,57166.71674577521
2025-02-12,55390.39791165923,55304.81008689218,55436.46987057135,55393.57058801166,55825.31261900064,56162.88515233403,55110.5467585515,55534.504857018364
2025-02-13,50068.65191845175,50101.777472470305,50003.097922252324,50089.34198871389,50102.42086839097,50021.63290215444,50165.39093759485,48736.5905242184
2025-02-14,20381.74472345247,21124.62383020424,20389.384003395586,20388.335915359738,21166.885779755576,20421.897059564915,21111.73600051007,19938.070625846158
2025-02-15,20250.04277178658,20451.12153169381,20236.281195297117,20173.552547841984,20477.152944544505,20188.700341615597,20463.070221782622,20174.95308112227
2025-02-16,59179.758422151535,62187.444002852055,60358.81628424545,59131.7485445589,63487.99541119173,61694.20146306467,61026.08307901426,59351.61533900143
2025-02-17,53064.16891670594,53759.638896364704,52584.3650369267,52990.0215793781,52893.43588251881,51753.862723125436,54250.856817188214,53064.15788787485
2025-02-18,49889.01531763975,50483.404874915504,49934.79352581016,49921.089274056416,50354.512163669875,49720.37329153923,50295.824616746446,49378.78177705096
2025-02-19,51902.938283176074,51125.9417031195,51677.020073577856,51920.18887935221,51057.62865908058,52041.14514571419,51538.153851302646,51495.439472616876
2025-02-20,51130.663646645924,50141.65098613267,50867.89303187052,51103.52893227792,49802.65708050231,50305.56200388706,50745.93109633791,51002.36621597141
2025-02-21,20050.943380305474,20739.552386665822,20025.50284599473,20065.405169741392,20730.820122332967,20021.375722018827,20769.577128636316,18876.167264498807
2025-02-22,19784.434234515193,19497.537039184775,19751.415934954643,19752.6278243939,19525.04835044178,19667.390838431686,19502.973736215143,19079.580566108914
2025-02-23,50599.24565036989,53448.71886379934,50716.958357772746,50606.52436064526,53792.36061301865,51263.499236169606,52593.83384925906,50986.131436098105
2025-02-24,49221.02081441935,47616.217222148414,48961.47305852689,49191.22969743648,47084.92789187787,48927.30122297935,47776.29809714069,49263.231266902025
2025-02-25,49362.44497744755,49494.023458413656,49336.862145905325,49349.4849989541,49336.22579170435,49160.159497641434,49566.41536149339,49381.06609188951
2025-02-26,48844.740078962604,48707.66329197496,48498.0965714724,48835.935315716146,48589.01730076723,48594.09545812585,49059.64812374607,48066.330386236885
2025-02-27,48139.831487489726,48831.22117148726,48544.67141013537,48095.432004294,49627.48169465145,49309.31635956101,48289.40259182485,47732.32750728413
2025-02-28,19167.940150675196,18626.42221975205,19033.567797207153,19133.161244597984,18700.96005615308,18446.87169716562,18582.336611574312,19120.676864691624
2025-03-01,18278.592902101784,18575.748615486085,18259.68368700081,18260.888475784726,18581.67130804337,18247.90195324103,18594.657830583335,18390.722649583648
2025-03-02,49546.65334526997,50501.45996403718,49791.13740109781,49460.039955697874,51982.03653613817,50423.99688964038,49969.4899306404,49225.4869437039
2025-03-03,56017.028698101014,56639.50100743568,55821.02556857765,55970.76730664139,56347.74436655622,55551.67051390207,56737.77816382059,55618.9619307667
2025-03-04,49815.82733966257,48694.443641838574,48972.96927088623,49764.81423495506,47710.19947810335,47351.4515927962,49181.5716762082,49854.88166351285
2025-03-05,48345.62807072965,49874.37364056296,48051.91847052869,48537.234419714885,49156.91972987367,47759.986948913625,50312.03919990108,49242.44653701746
2025-03-06,47544.03332769618,46880.03807689405,47312.02417481768,47547.09556020281,46341.843118343524,47138.219272883536,47709.101720425926,47656.912104265415
2025-03-07,17840.110595179307,18050.946768733596,17812.50267391935,17837.13462191337,18027.0026419254,17785.58257384521,18078.554689990557,17760.94282012328
2025-03-08,17279.820852601297,17177.1434090502,17229.712192843137,17279.408264723028,17133.92376355121,17165.537468234095,17219.92421104404,17212.816510285673
2025-03-09,49068.36227687621,47743.351472239374,47115.55985424722,49119.33092852999,46658.75125030857,46077.02914060456,49686.896660394836,49209.25014008035
2025-03-10,48916.27954843383,49114.838162350796,49497.714916957564,48889.48250691888,50184.696737765655,49891.94830499776,48537.16497540662,48923.171838166396
2025-03-11,45480.44312434467,46387.55721557925,45512.823969006226,45437.57723986675,46149.0254169774,45408.314365251405,46508.94232008158,45255.54492715286
2025-03-12,47949.91176810062,45464.77212472006,45142.67638919155,47993.9015649248,44286.60965616962,44386.07824478074,48276.615308089284,48194.601862436844
2025-03-13,46215.98208025725,47049.569385977295,45667.65129003669,46127.697367584944,48917.12600893338,47713.24417386108,46996.45336069091,45606.466819667025
2025-03-14,17553.75746183167,17558.677890962117,17493.578077716884,17499.802826000927,17463.359360673934,17344.30491159796,17618.85727507212,16710.470096058307
2025-03-15,16896.263708097587,16835.267119561697,16878.76144570994,16889.95458905783,16805.715359640413,16836.25868628734,16857.77882371562,16620.219720983998
2025-03-16,43003.9033093583,42859.510181345344,42881.01250644136,42973.61209410064,42806.68724257663,42745.07357914943,43227.576482853015,42699.0687606858
2025-03-17,46120.5630187684,43446.821362995346,43312.27827389129,46126.695496402725,42018.909790451755,41524.65566001409,46233.609953258914,45837.72313453636
2025-03-18,43968.71207903971,46300.362169651395,44693.557952764146,43852.201845241376,47470.8661602281,45774.18631260095,45605.76191128337,43641.987006982716
2025-03-19,41958.34185238034,42312.46202745194,42357.589861059285,42056.88447080303,42041.58202056557,42634.35691554967,42433.604473858504,41619.915496878835
2025-03-20,54106.60299295891,54504.45814365053,52548.85306663727,54243.29655714538,54129.72908433196,52318.3841360905,56063.85648174432,54442.695825596085
2025-03-21,16459.524579396555,16441.345728620072,16433.574517415997,16468.733739361283,16347.792364866964,16349.230313627617,16466.66774351264,16451.82653830464
2025-03-22,15978.843680793923,15943.001182657865,15922.870373523641,15970.556157708912,15833.1544665656,15804.736134346367,15998.974489926297,15880.547061578825
2025-03-23,41314.45232031846,41963.24328752684,41243.27462336357,41334.00643688357,41893.29465589008,41072.79208384591,42009.36320695948,41269.93861124509
2025-03-24,41792.8812111295,41571.01392677222,41620.82574157035,41778.69471694457,41780.13157365502,41766.09124444896,41714.96488709876,41433.08481682422
2025-03-25,49820.15181877943,51728.524639108015,49478.598795127866,49868.34291472297,52030.14773759704,49824.29642822361,52072.15847682764,49584.66504145808
2025-03-26,38983.235240918606,39050.327310230154,38576.79727477674,39079.19215478549,38326.33043333202,38695.472800872645,39460.74313625004,39322.43661768855
2025-03-27,43481.58535493928,43441.77388954149,43389.49914384258,43509.99837826957,42939.96101170371,43036.7427007387,43703.23978470911,43423.532187027115
2025-03-28,15696.16511419314,15711.595966634452,15670.307552095428,15660.425451029225,15627.970383959188,15545.104769264226,15728.614437154583,15562.373108200794
2025-03-29,16691.347996137843,16732.222352612705,16664.368777584023,16658.107022419797,16652.229703366407,16551.135154619682,16759.201571166523,16502.560157212232
2025-03-30,44835.14530958772,46391.885842650925,44651.86807682775,44942.89784952605,45826.12782939266,44191.70353773958,46568.34518020884,45032.19993051809
2025-03-31,40272.90645260987,40969.97178377696,39828.90448688692,40284.69073323932,41073.26158038775,39566.89421761333,41136.34638358067,39168.61583431478
2025-04-01,41525.64793561282,42135.12315088764,41104.355213826384,41561.843810098675,41856.49837887299,40761.96304692151,42510.62633374226,40638.83780203784
2025-04-02,42101.06066852817,42546.05080653062,41781.52716785068,42037.356800683694,42351.812780096516,41212.23208864746,42631.42910545526,41978.94960107064
2025-04-03,40577.32399286327,39567.87659588371,39451.14310438247,40587.27384623286,39456.424272099626,39337.033608449245,40448.625925552806,40661.799242594985
2025-04-04,14536.69657015278,14501.04499588819,14496.96863048634,14512.204116111476,14432.2716480957,14422.2265037096,14539.621351153066,14397.593027694593
2025-04-05,15752.805858030879,15734.721114630676,15712.714334042787,15733.415232328105,15646.480207566326,15627.9867396534,15782.484690044032,15649.30183913542
2025-04-06,38394.068192366816,40464.60481252278,38387.8214019649,38452.58363470054,40444.675499759906,38425.979016215315,40471.26710530368,38437.94733881287
2025-04-07,38406.431153687154,38476.61454296218,38238.505441695546,38470.82753032807,38137.43105715399,37955.04739753372,38650.1893742181,37884.33881471008
2025-04-08,41661.41540590512,41669.91316212836,40985.13828287225,41625.06517536627,42156.258421669285,41430.282187747995,42343.71153004223,41328.32253944942
2025-04-09,39517.396656301826,39662.74702166741,40465.908740627194,39209.106274738326,41062.1781118142,41683.04287960233,39073.133307342214,38701.69751107834
2025-04-10,39945.64363271634,38431.94004334469,39694.22089182296,39960.88354658732,38100.61029399402,39223.08286394346,38741.997301417265,39975.67431303674
2025-04-11,15504.122490900387,15532.882538701575,15450.436457260434,15399.804787998126,15462.60721913636,15262.415761954575,15581.697579615498,15566.439663473935
2025-04-12,14811.54370382976,14845.770127990569,14766.053030603802,14820.227780375588,14732.122656006322,14661.089635165383,14891.260801216526,14792.580896043495
2025-04-13,39330.47434009572,38505.37129121339,38677.09937791088,39083.24077125514,38520.74530656092,38315.838350409416,38458.61561760729,38645.36614783349
2025-04-14,42160.81935364056,41032.2007329469,41669.36171988835,42122.29681577787,38713.09738301842,39368.63347739765,41802.23502914544,41922.006354595585
2025-04-15,37433.91500508528,37558.648258705136,37417.09118645579,37456.69959457316,37465.94399696249,37355.74709865442,37659.05347615687,37262.28117182863
2025-04-16,37202.6059138861,39133.596821511106,38046.24390774946,37185.37563644175,40191.457818726296,39203.2569153594,37554.030279188366,37175.93682010431
2025-04-17,37413.96621154997,36266.216882537185,36589.32153311542,36943.77543402082,36428.17823337519,36387.91379608695,36609.10735199591,36780.74001392077
2025-04-18,13682.64816497583,13606.805361736533,13617.746649314366,13711.205176963298,13477.200694299689,13479.499026818303,13656.0374432065,14170.335142308655
2025-04-19,13094.982064874868,13195.16352952125,13124.454454916258,13055.578736492402,13263.497967186657,13153.385564199198,13165.691139479863,13213.191564776569
2025-04-20,35352.94507869459,35949.00254089476,35381.56828779656,35453.552521687154,36007.90471566312,35542.24033569227,35915.999861651515,35440.76461922406
2025-04-21,35418.0370932427,35239.54822709251,35157.83952471701,35481.28304413039,34651.13986541917,34632.67711393136,35499.74579561821,35497.73176599674
2025-04-22,35747.483984812105,35764.488644830766,35379.09906739291,35705.68099350522,35494.68417992215,35058.013830871,36031.32206155712,35469.91472566975
2025-04-23,33394.24832054757,35993.56555718718,33776.32414013336,33774.65992483353,35816.450791706506,33923.36452442262,35852.46921917527,32928.95822518503
2025-04-24,32907.161095074,33993.29886814758,32960.18834578474,32886.055185467645,34444.20697447389,33097.80239573638,33794.733934151554,32623.419082187018
2025-04-25,12781.771918858316,12797.745674666201,12730.3248369491,12736.44070847964,12777.251111380325,12685.927269203046,12849.527383423077,13114.144058713711
2025-04-26,12870.514013636493,12880.011639650189,12874.279026939685,12863.712101541834,12905.643562600377,12892.794971769117,12876.246626346998,13200.960370976318
2025-04-27,35167.912367540404,35777.83627352891,35292.219873657516,35000.53051520518,35823.874055573026,35247.455594399304,35751.93720386806,35193.79266466976
2025-04-28,36973.00377121125,38896.782235089,37421.12600290287,36969.852486873104,39944.96597927754,38179.008357510225,37907.19766157543,37022.187943340745
2025-04-29,34859.44690627889,33698.593979539735,34500.83536762453,34905.42814738736,33525.59995958392,34013.452527935515,34015.808010862434,34969.284276203434
2025-04-30,33786.23725966885,33308.56830413245,33301.883069423275,33841.507155302934,33589.71114577,32559.97250544986,34519.5064394823,33918.35728109504
2025-05-01,36497.80833647994,36192.7332694275,36395.504058095394,36538.86223287114,36303.64439307036,36583.13264074792,36297.043328213746,36963.79646495419
2025-05-02,16364.383052747653,15709.930848548302,16300.58264027951,16349.22350952501,16219.015317433305,16323.513515906372,15775.67821312204,16477.737679267695
2025-05-03,15342.018209704498,15335.855652235621,15350.16014862012,15339.164428586391,15366.557799677916,15378.008514944306,15327.713713320001,15269.130431856353
2025-05-04,39023.25209594961,37640.49390536775,38468.024863552295,39132.47815872899,36577.76815737984,37515.252962545426,38197.32375552346,39247.341118989985
2025-05-05,39797.583695978945,37238.69821495812,39552.86942535447,39654.68087373485,37717.379167642466,38368.95323438732,37071.78940850786,39597.324362924635
2025-05-06,38208.969483667795,39521.77450219398,37399.678576804385,37407.52576733155,39293.09134908851,35575.21676164291,39293.46535753053,36817.56622365062
2025-05-07,37887.17912203526,38439.25132596709,37928.10302168081,37844.02074398034,38474.291345427315,38090.371044592124,38285.59177388482,37349.736668764315
2025-05-08,38969.78103782004,38482.76266595149,38382.17401410403,39033.039388471865,37589.861468760624,37277.07197929646,38921.49897192088,39151.910999470594
2025-05-09,15173.996094306487,15275.261096514367,15120.855236662279,15106.580098326944,15338.093848961966,15032.405942859645,15255.19932289239,15042.619676746255
2025-05-10,15139.336216780734,15170.699840089803,15121.955868881641,15136.718128839642,15150.88069523481,15099.518636085559,15183.632138390984,15207.401665296982
2025-05-11,37127.22268184568,37190.09821805003,36959.400598696644,37130.95714311114,36908.12957822457,36674.75822908973,37355.59787235091,37045.008629172495
2025-05-12,36602.11413127365,37720.312271347924,36629.503658888425,36795.71241454735,37983.14124624158,36777.224395338155,37582.681363026924,36958.98545462832
2025-05-13,36038.72321808785,37406.25136430694,36105.9894508098,35945.399032542686,37707.114597104824,36291.689351446315,37313.9969307825,35774.42764924765
2025-05-14,36100.21037753241,36737.54559460501,36556.27655351154,36105.07914988757,36363.242497783045,36199.06740912755,36188.1183993386,35991.12357771163
2025-05-15,35741.195541835405,35812.21280209141,35717.067445315784,35624.79166693051,36494.78437835561,35498.71484434101,35731.6665200218,34989.96109995363
2025-05-16,14344.246222392614,14435.005551590039,14293.187091643875,14347.463625261455,14395.785785202914,14290.960844073978,14486.06468233879,14788.155519992491
2025-05-17,15589.06837738647,15538.295382528206,15530.110322267108,15619.119600195656,15374.356176546029,15376.854609965623,15591.690342967633,15578.63639977008
2025-05-18,35830.014634943116,35909.91345544857,35705.23775881096,35821.925610638726,36114.98649303173,35791.523843861156,35972.17020030436,35760.56897955587
2025-05-19,34346.82255097585,34572.63257892879,34346.227735619104,34323.671856210785,34820.74802134365,34366.01812139264,34489.59969440442,34001.16050444603
2025-05-20,39477.808960541515,38517.53316068091,38553.87561841268,39478.324427911015,38122.17580025111,38754.56824345368,38875.71487880024,38929.26476427356
2025-05-21,36075.145076317,37039.64996889924,36141.569425526664,36003.66465157384,37052.78646136273,35935.868319691755,37087.89734176044,36024.72589973527
2025-05-22,34309.8819930283,35599.97356205826,34344.15182664968,34267.798895945314,35752.37367678989,34521.22638391354,35516.224054218095,34152.37127390849
2025-05-23,15332.80764915597,15337.100913461334,15217.75822055856,15313.2716551169,15163.330926470924,15024.452239529079,15452.150342058743,14964.704911936902
2025-05-24,14267.468389768748,14305.84937371181,14272.257795888585,14300.00444295851,14327.78703642374,14326.731511790276,14301.059967591973,14361.871004530562
2025-05-25,35245.981169018574,35531.09357008751,35258.00892049929,35245.13566383479,35540.06349950058,35259.41402486824,35514.64359933762,35169.52943069328
2025-05-26,37512.60861795062,37775.21107613082,38394.64558714341,37527.42858282209,38890.95074836442,39520.86033499375,38030.590365283446,37968.96352047278
2025-05-27,33932.480681167515,37143.19255704753,34241.56459887082,34133.52677091395,37980.528488177566,34748.447760187024,36774.45416571854,34439.133813864406
2025-05-28,35264.02239968108,35775.95000405423,35300.87924972845,35205.22892463929,36054.154744624255,35348.31186422057,35668.70797776392,34811.81835351088
2025-05-29,38412.65303506613,39725.94525440361,37722.59827405867,38349.5609182549,39004.77039676189,37306.522011220135,40326.74163589452,37826.605530370995
2025-05-30,14330.20625364125,14380.877674160543,14342.158987560226,14352.062246269097,14423.663098564364,14406.800404591891,14368.92494024157,14532.74136400759
2025-05-31,14920.477392522174,15059.89390812066,14931.817373040049,14897.758571532788,15102.491648679674,14951.696292609675,15048.553927602785,14880.52344387973
2025-06-01,48256.883741652826,52901.3303799978,49919.49447761739,48426.82535936451,54025.574981042046,52776.080530993044,52019.39500123547,49681.49336068878
2025-06-02,48951.0150051906,49601.00857293166,48595.774990425285,49047.6991770857,49036.68851612099,48054.01434944502,50106.4575972249,49235.098776878105
2025-06-03,47477.46752317605,47036.50556692368,46853.95382352047,47495.71529543184,47367.92672168576,46893.87636271452,47306.149885506966,47676.47982002781
2025-06-04,48557.400121180275,50224.98976812488,48645.33943159963,48611.654953313366,50435.69964002944,48773.546319443536,50099.420891046335,48747.44746437479
2025-06-05,48578.49788881124,48893.56361840481,48222.82972344659,48652.9394810376,48512.90001437866,47777.72272912216,49190.38729726865,48338.86062918284
2025-06-06,22571.527520371972,21558.970923686724,22499.561467920408,22608.191480259957,21627.448627954695,22346.844672224892,21611.24103237882,22628.95821943322
2025-06-07,21338.384214991675,22726.85701973512,21268.55097978699,21305.964333791635,22658.44921798133,21059.416899080952,22765.56545726321,21079.97524904208
2025-06-08,45857.197378705954,46686.961482814084,46155.85969883699,45830.412207850735,47651.327360689625,46571.86926600274,46135.1294246642,45760.27047690674
2025-06-09,48448.25275391213,48966.52427362698,48429.67487218726,48515.283115539736,49009.088802208425,48513.8222822206,48979.269931896764,48573.64152352815
2025-06-10,48844.95053138166,49434.13570820498,48935.64525012497,48402.1841419206,49518.72192263926,48569.48616180788,49347.61602136906,48281.22055322928
2025-06-11,53090.464782317926,53450.80041270246,54678.28252763251,53111.72163557931,55006.4910070308,55969.226641420755,52346.27196333651,53221.51178012431
2025-06-12,50489.167743901926,50096.06825551235,50365.67306048228,50440.83756580279,50116.499501299746,50395.73507880392,50196.23578347172,50760.48015922558
2025-06-13,20312.633653126035,20281.915904421938,20245.370016738394,20304.170073255395,20343.13039033662,20275.806182449713,20348.13337965479,20315.158003617198
2025-06-14,21630.002647621448,21404.13956957896,21454.727248893974,21675.64622501906,20924.963020852585,21021.194277565213,21579.41496830643,21794.084490457448
2025-06-15,47645.84686146774,47929.3551345993,47674.51206487275,47581.22248464359,48301.96286434056,47963.15702643199,48006.161117151954,47480.898100451464
2025-06-16,50805.4929795888,54608.04728696634,51496.93673863548,50673.1517258292,55070.27135636401,52161.03952838581,54320.93015027473,51165.72322639685
2025-06-17,54164.49468553034,52631.09765477585,54645.03917226937,53313.01071515266,54836.87883768264,54705.8580638467,52142.264604602286,52634.11393971554
2025-06-18,48645.54216257176,48021.5280463387,48489.47904310577,48713.66907164157,48030.05190485035,48525.463986492156,48157.21541497225,48495.04405345429
2025-06-19,47473.90592379098,48648.17967562151,47306.62655015778,47514.2668455056,49243.93272657172,47799.19359970356,48384.793208338335,47953.330251709165
2025-06-20,19222.899956975354,19214.257094373894,19217.6683476923,19190.829450991878,19234.62181858823,19203.601634279777,19219.48870365695,19183.726691468964
2025-06-21,19002.26114950929,20103.999928066103,19026.43303378333,18986.525854064457,20273.30481522558,19123.85919495507,20063.702051392087,18840.639269954114
2025-06-22,49179.492935979244,48961.53337735287,48955.38604095802,49191.68908543364,48587.69491463194,48595.395377462206,49185.319243705395,48929.45178299254
2025-06-23,47700.27575660686,48293.979555375685,47708.28986076471,47877.57407485394,47850.404111270065,47750.609509070404,48571.075255540556,46635.75513643556
2025-06-24,54132.82652719946,55409.48577082643,56370.29295747526,54228.68297663668,58802.816920051846,58792.46457503515,53336.790554090665,54535.70213801727
2025-06-25,48146.112166356164,48980.13160435897,47728.80331774442,48024.97740707739,49071.95052783995,47782.34561678055,49188.861858831995,47442.42288831693
2025-06-26,46526.40326501282,48420.33081425916,46844.04726686205,46495.40737130294,49030.249057866946,47362.219773788245,48072.38641469698,46166.97126715295
2025-06-27,19721.204916954423,19991.966152486304,19668.625231221908,19686.040644963043,19786.401426160333,19427.89623290456,20044.54583821882,19582.1063284422
2025-06-28,19769.618199118173,19492.48262054951,19620.6915130683,19704.488798217186,19325.194159440653,19335.078371899715,19632.917518004306,19468.412507117268
2025-06-29,47914.2704630763,49368.27419210959,47754.39884816716,47880.62919531279,49046.36633286851,47388.27772006134,49519.03025645225,47389.65733569431
2025-06-30,46704.85050975855,47377.68019054803,46844.14649463374,46633.91918294338,47624.21400783994,46992.96860848701,47311.15365267365,46796.270547211556
2025-07-01,53756.344792813106,54218.475747085686,53388.735358984115,53870.2488144285,54731.01243243167,53620.653644070146,54284.28065221496,54048.07207570435
2025-07-02,53339.98960207617,49829.778658601914,50592.05422482618,53553.296864373595,51431.0081089446,51005.78096529806,49200.819789174995,53807.71914374958
2025-07-03,55504.965029595114,54816.949458535615,54906.12683316535,55805.18525331121,55209.47643908225,55216.338100765504,54800.00655716888,56180.84927954604
2025-07-04,25943.563949297488,27571.75387723782,26035.080832003863,26092.729597192356,28346.940246211143,26560.87917128497,27589.891039789287,26416.293284480987
2025-07-05,26033.917265240467,26654.107397624368,26007.312983686086,25981.80504058945,26766.400241690175,25842.73260721878,26590.43427145017,25834.921749558365
2025-07-06,57713.35448685037,56865.63869583047,56923.67327455416,57654.02175626485,58210.16458758401,57438.73335986677,56968.14182830856,57233.88366785583
2025-07-07,51042.116092696524,50281.53964938258,51126.42854267235,51176.181741654975,51058.32101761148,51915.06640501881,50672.66132625138,51627.842979420595
2025-07-08,54660.22474991279,52917.25624122203,53047.90512737097,54708.30043266532,53508.57642419674,53668.197157187395,54417.44383495839,55042.536868997224
2025-07-09,52811.673158409365,52265.43647859744,52166.1277138943,52746.8645336535,51963.451143298254,51721.00802109609,52908.58461242598,52488.26661840029
2025-07-10,52912.68972220904,51768.91780476369,51992.77599431648,52951.10836657104,51156.17833669022,51408.09785082871,52661.08553448462,52942.44388449504
2025-07-11,25412.004491599073,25751.535705880167,25415.230006774047,25396.498988696807,25590.054869364372,25404.0520740323,25892.409661615617,25503.816710578638
2025-07-12,27970.348220990825,27990.39918533202,27878.077939781448,27920.140521369125,27813.958398941297,27651.429453769033,28082.66946654139,28051.451071221156
2025-07-13,53354.707301332484,52776.666454975384,52738.12373175095,53321.00897136303,52283.86437316054,52268.89502857899,52694.170428252306,53039.3184099836
2025-07-14,49451.70763701152,51582.551753112035,50021.6114562615,49478.75481687976,52048.37301543958,50301.02809715716,50886.89567808849,49198.29700564622
2025-07-15,57126.740569530026,58252.78146288167,56862.42728262459,57000.651090837055,57391.000711111425,55946.74746904117,58538.69299808966,57153.94997338432
2025-07-16,49880.23693532937,50132.5908401042,49823.53999640472,49865.42315168465,50176.441314348725,49806.95166431885,50178.54352175876,49550.61369655226
2025-07-17,51552.57276326605,51972.67575589758,51512.4328858273,51556.31450974056,51914.638366318606,51309.09875490305,51958.86735163933,51626.35091953308
2025-07-18,26419.154319898884,26541.497077963766,26220.965811661612,26473.11147293244,25832.081949456213,25561.637362582806,26739.685586201038,26564.515661007477
2025-07-19,25338.16284280061,25754.32780885591,25329.041863360486,25356.208458508303,25768.79422240483,25362.627192577052,25763.68175982785,25382.309783347395
2025-07-20,49081.86192173178,50544.63510624679,49110.79280415955,49026.09937133641,50332.86315757122,49156.68186718947,50371.36405808402,48777.359572613525
2025-07-21,52147.16873147446,52155.17385785288,51749.724999573555,52110.57539957633,52911.584072089914,52226.10558254295,52544.50881436412,52115.42527087335
2025-07-22,52560.14884158801,52461.1699282878,52384.465543134276,52483.28855672789,51895.885434584256,52197.31064938412,52688.54675796311,52407.42681985597
2025-07-23,56808.11506723089,57057.38261568182,55904.04177802786,56744.02057919351,56437.94745986145,55222.571484292006,57961.46475250399,56629.560901450575
2025-07-24,50841.255770627125,52408.7616359218,51063.166320228076,50820.53750379448,52957.06396011299,51336.32695667081,52296.01607206269,50803.453984275155
2025-07-25,24648.19905984397,24099.812304344217,24518.673350932768,24645.661145440925,24375.166798510676,24068.095659866885,24291.497759754984,24685.471604025035
2025-07-26,24797.173392340257,24731.501112197984,24689.51462946197,24754.352595104643,24497.465402266713,24369.517274289843,24828.439165583033,24898.94754123074
2025-07-27,53516.83084544536,54728.06498846247,53808.036875602884,53403.93845998892,55196.91475495255,54163.55743356338,54436.85895830495,53121.30010138202
2025-07-28,54956.97178538859,55794.49973571972,55239.03744337475,54809.48463522233,56155.829242791806,55373.58010334314,55562.71135024045,55640.82109236215
2025-07-29,52063.08689724123,53508.88151192857,51924.01337948555,51929.58084722559,53590.9135542862,52387.62223323789,53435.164720023575,51661.673602754876
2025-07-30,52401.48144713688,56300.5805061108,52406.50513711193,52317.29299342637,56204.39276260956,52215.641393299455,56292.93208469498,52124.764641187336
2025-07-31,52991.06062995787,54379.216485598845,53358.241536698675,52834.44564996696,54876.46941926278,53474.01599685558,53731.62481838905,52912.10221542445
2025-08-01,24010.476343028346,23846.86959617867,23836.81845239959,24059.85683171956,23902.3358965226,23941.665241434734,24020.527486807427,24180.52828423632
2025-08-02,23435.706473322985,23715.942506348933,23420.550150672738,23419.611184988684,23704.48611457474,23394.85608654506,23731.303381002777,23561.910927765035
2025-08-03,46080.01048960362,45591.06065147048,45657.758738609686,46160.03801474994,44587.57695811119,44878.52967855397,46117.360112383656,46113.428937366494
2025-08-04,48946.73217859106,47754.12717861724,48615.32032049973,48973.03246549549,46828.18811446687,47669.05110867087,48270.56179295231,48971.9843512761
2025-08-05,46357.62574880905,46770.75117406377,47302.8518166893,46474.2951655737,46844.05428507519,47699.66125614847,46060.5919620115,46542.07411789127
2025-08-06,46632.49450279971,49679.37186229342,47007.5084915708,46433.547785628696,50989.11943808897,46853.26018031943,49124.1310266901,46540.86654629391
2025-08-07,46210.58501316704,46824.97009487381,46249.166754383885,46174.75030695439,47039.81433789551,46418.29664538898,46777.832336996675,46036.40314472844
2025-08-08,23503.235646920864,23296.303057353376,23413.524582396854,23488.871868824575,23002.42158170973,23093.295969624218,23383.000155370533,23521.2004696056
2025-08-09,22995.421675539474,22938.44387516294,22986.949855541825,23022.40945658046,22946.292378768467,23013.49707933408,22942.104717830058,22902.698406917334
2025-08-10,45542.63894304646,47638.23970521119,45705.920653701665,45179.572283709625,47668.68738102375,45721.40721919599,47620.327856514385,45576.61561883995
2025-08-11,46154.300442696396,46796.072543321694,46137.53407657356,46072.28817477316,46757.0364828043,45998.9495084985,46793.4114119989,45912.280786376854
2025-08-12,47500.9162542239,48174.66289998417,47685.78629399806,47468.335916287215,49253.19406103919,48036.761748090474,47806.63022268599,47316.052602336844
2025-08-13,46000.30001174565,47234.9988470806,46124.81924958641,45746.2018861387,47197.08931614548,46161.88682446044,47316.49291829234,45072.10864573329
2025-08-14,46847.64881944693,46546.71781518455,46711.88781659426,46793.86548202665,46484.39712528908,46026.079895623676,46528.016277871924,46460.468770329724
2025-08-15,24182.702238647173,24315.45435848503,24132.217829984103,24142.499566834813,24113.0340195514,23889.594819238107,24365.9387671481,24207.56016564609
2025-08-16,24124.30016039857,24719.450138057466,24081.36243196091,23913.92401684185,24555.582562558557,23707.11871290528,24762.387866495126,23885.847079602932
2025-08-17,45778.95615851005,46180.29593918592,45589.587491908824,45563.349601551934,45952.20134610369,45124.1379408176,46324.965459949366,45224.60957403724
2025-08-18,44755.08873040615,44443.3224009662,44742.82263381398,44978.30431904479,44403.148235022825,44868.589013238176,44523.41532443818,44183.73974757746
2025-08-19,46172.1129177489,45995.03096069501,46222.23233573269,46180.01563117546,45892.716661425744,46209.59300896027,46005.862417220684,45599.96971852913
2025-08-20,54328.489800290605,57458.6461952753,55291.9071836838,54277.194425139984,59014.14767230707,56670.3678326807,56519.67087345347,55582.54455886882
2025-08-21,46855.709718440114,46375.34891908794,46371.27583526306,46881.69370512234,46124.68592130537,45936.60535327145,46793.7185449197,46903.219624334895
2025-08-22,25705.353439830233,26021.75168103597,25684.37389980768,25715.19852750099,25908.416576744956,25580.88388318742,26042.731221058522,25806.25806048206
2025-08-23,24287.836507221316,24423.827620125005,24249.74413076912,24223.08094644665,24277.408302245567,24038.569252115027,24461.91999657719,24174.401764902832
2025-08-24,45337.287184336725,44794.181685961,45332.8198835217,45394.918406764475,44916.20302497621,45518.52150982031,44791.187709000005,45288.05978297696
2025-08-25,53469.04280313909,57191.47915238939,54243.50516662064,53471.448983580354,58076.055049621355,55116.90372118447,56430.807327315735,53358.34600788902
2025-08-26,45937.83374022414,46294.343801207404,46038.56924958612,45997.91050972898,47094.2268145129,46300.68309377477,45665.62079209282,46067.79249119841
2025-08-27,50074.73428034752,52503.28398132369,49841.51385632927,50196.330279105736,52217.6822223999,49658.23757628379,52729.27954777891,50172.01378667928
2025-08-28,49941.32981083469,50386.93248360119,49843.62658024968,49734.00323812036,50395.395042099146,49343.748241585454,50454.35495740234,49785.533399644584
2025-08-29,23929.533922352308,24076.219095413282,23894.19364905052,23911.766507432287,23925.587221446607,23725.794360163825,24111.559368715072,24029.236364562377
2025-08-30,24397.295606387543,24484.091044647343,24331.857753261396,24437.276994165895,24331.593726143557,24204.721356719936,24546.413678125344,24492.851425052682
2025-08-31,52492.67104425757,52349.56820151088,52216.72958908354,52204.422003163876,51655.424136328955,51216.26361291052,52650.2018657146,52478.424645650666
2025-09-01,38716.65584646484,39568.300421327534,38660.595693899806,38631.49196986987,39455.26909017233,38461.98274002576,39630.955821522264,38386.24739429531
2025-09-02,39498.40906854068,39854.79123049436,39039.692780111254,39366.03659561923,39194.73028466015,38476.19087165912,40393.06083252977,39127.419623266665
2025-09-03,40636.9261210724,40913.8514567756,40787.57114122302,40742.58087290337,41234.24694938632,41201.29745257434,40757.5238468565,40658.36108947481
2025-09-04,40025.00187431624,39969.279023643176,40255.41129166275,40190.372921267204,40657.83477959354,40967.138325804306,39756.8136942985,40198.51337687565
2025-09-05,19444.731662318973,19309.805299881846,19257.248352952112,19391.464790058304,18673.549986071033,18567.726166880635,19497.288609248706,19660.476913571583
2025-09-06,18668.69697768268,18423.988715597698,18480.71940797837,18671.45123907324,17811.12298967693,17870.607943448158,18611.966285302,19174.32501368152
2025-09-07,39516.956474433544,39261.915172615954,38640.23621635529,39472.47236292121,38981.02011231771,38216.638501095484,40256.79504193238,39446.803860007785
2025-09-08,43032.25104285642,42226.01433659443,42914.70980216632,42996.68389424813,43265.373046574845,42844.07823949984,42337.27081066707,42756.67327612017
2025-09-09,40244.39108135838,41339.319492988325,40174.3507914939,40340.266974063095,41257.71962822289,40085.595904290036,41369.207668341674,40124.084744930115
2025-09-10,46234.570737604925,47715.36698025001,46683.80336927419,46171.58475159379,48703.89070334207,47459.261541768436,47222.1498224818,45626.35724219557
2025-09-11,41315.160890397885,40658.89459750373,40890.84636640395,41436.23534664057,39803.22829806601,40154.88190134975,41083.20912149765,41560.44331422936
2025-09-12,17790.13472995276,17761.427006751037,17772.2591470478,17772.581071378685,17706.29104966585,17703.59060096449,17779.302589655992,17715.125227788754
2025-09-13,19557.907851846994,19414.619711689178,19450.386526488986,19516.599007049488,19202.055434229726,19056.33531230044,19476.62744508225,19934.606223512452
2025-09-14,41499.874819974015,43681.59865654167,41536.754421845624,41497.88674970909,43316.31187495198,41518.04075357105,43836.065796509494,42088.67063562177
2025-09-15,40930.99316381624,41494.622076955144,40854.282622158025,40946.27452512991,41230.20017597094,40633.95656347409,41636.77228515507,40247.23803036924
2025-09-16,43287.14893536523,43965.10889303504,43156.76367396969,43331.72067968311,43703.05225457442,42925.43289516658,44095.7599743558,43345.6283743693
2025-09-17,46391.095618705614,46593.31700961689,46112.42754754964,46422.13090465159,46619.944483830346,46300.995255283226,47053.90868522409,46616.57196705527
2025-09-18,43488.98830969117,44907.530528742485,43375.905329520545,43273.83790335711,44944.50981500156,43064.44038554781,44608.94293988508,42598.94463491829
2025-09-19,19223.463826055005,19395.877504339755,19221.96263871034,19166.9746424511,19366.76149530987,19144.690570251183,19397.89233546146,19382.84074334888
2025-09-20,20065.21003980827,20190.125169246337,19974.591760139778,20016.311596777963,19921.956814768164,19641.731967749165,20275.645708428223,20336.123007598086
2025-09-21,41345.98898866217,41047.08075602255,41146.623658789285,41362.56576775376,40932.47062924448,41008.900870731915,41355.94449678392,41430.93030906938
2025-09-22,47117.42126094624,49250.867489488366,46995.03394530476,47196.18615475613,48353.34589781351,46176.941852881515,49373.29985361528,47626.59966793208
2025-09-23,43927.65626138376,46230.28404618225,44890.54038401951,43969.71671510511,47204.35802629076,45933.480358743545,45375.48881671298,43948.066658556025
2025-09-24,44707.543517850034,43733.30428959944,43374.41408846542,44804.74148072759,43763.19539998217,42328.93333504204,43649.57169898418,44704.91911617688
2025-09-25,43612.92389156585,44481.55421927308,43630.30630179497,43691.90126049992,44559.59529414115,43772.52411598576,44461.38412435751,43511.065354294566
2025-09-26,19851.454205634876,19973.951012313755,19766.91679753102,19845.23337556337,19698.43731356041,19485.778843841297,20058.488420242295,19915.596611021265
2025-09-27,20739.4692019468,20850.03205267027,20742.42855588347,20664.494480669055,20856.638591510644,20674.862956597965,20841.99057224833,20868.240661367825
2025-09-28,45522.15770120066,47110.35318697248,45538.9023713544,45852.96655898204,46363.15118974891,45671.94107049792,47433.60900157305,45346.083556338184
2025-09-29,53066.71042401131,51461.78335408363,51473.70196606123,52991.236473563265,50386.85480611438,50328.697383686485,53055.72403132108,53124.20360250303
2025-09-30,48239.435699570466,50807.90198834044,48390.21250128342,48273.03854843434,51688.97154345943,49310.23633795879,50369.02267158622,47838.64450674998
2025-10-01,37797.43023297244,37339.41878566178,37825.9853238056,37898.6217463619,37229.48798355899,37794.333615487005,37303.32351985841,37918.71459012164
2025-10-02,41169.60079819611,40932.58458316581,40724.378577743664,41190.07771872816,40150.75755312665,39963.02846814392,41377.80680351573,41233.2223724094
2025-10-03,16407.503878507367,16410.87781472249,16352.315540072335,16393.084530056763,16235.891494590838,16162.90987142143,16466.066153069998,16266.656882877638
2025-10-04,17936.687240174717,18070.044833090345,17905.834623112707,17905.38234847334,17963.805744257446,17762.91772520745,18091.435248141344,17770.209396561997
2025-10-05,40426.43824812583,40993.34966020062,39587.762912456965,40403.28999263927,40352.67883309283,38885.313224495854,41795.40874014799,40681.94966130942
2025-10-06,43773.262802544974,42955.90340025515,44097.0161260352,43708.17226054292,42854.30670395024,43910.49514282592,42655.89143089446,43621.20964832873
2025-10-07,41400.10057627702,41786.28039297772,41609.85574699534,41413.975585002096,42313.83317760366,41903.048791837115,41316.27787542803,41189.82887524071
2025-10-08,45017.41552863895,41026.65461166976,43010.70600107108,44981.08559466433,40061.68368895303,40970.18124428151,42850.95043172211,44994.21111253889
2025-10-09,45170.67836226703,46343.78225734972,45069.43263013297,45156.31713962629,46099.95483098922,44825.75919764383,46445.027989388924,45203.75003807523
2025-10-10,18452.816450292223,18595.100708928803,18421.551384377355,18443.29601676097,18476.842598883562,18320.22726859816,18626.97446718083,18374.061038176078
2025-10-11,17892.228962079404,17903.586876562502,17851.92538493611,17884.814236024537,17755.478611245242,17702.71387317875,17949.471127462566,17933.162776184538
2025-10-12,43131.9626418691,44081.499125264214,42916.496472085164,43181.91619308515,44258.300863220706,42658.727675438386,44649.48396392892,41191.80789920295
2025-10-13,46462.67024352765,46604.94092959607,45977.81375617741,46557.39363597243,45710.095184208665,44859.05678207337,46973.17947444804,46633.198807520406
2025-10-14,50445.65529159155,52336.710092554385,50644.88851998303,50573.81998646078,52082.16699930107,50541.5645092309,52146.284344435684,50775.89014453466
2025-10-15,49068.94535210156,51502.17870176118,49080.22349057812,49176.54803063287,51727.17879324392,49298.444551720415,51535.75380388633,49208.54071820398
2025-10-16,45904.10228998533,46447.47232811029,46094.59241093752,45915.84238456352,47056.378592109046,46622.96331632055,46163.61159090747,45843.40244669186
2025-10-17,18608.927980530112,18847.136762670667,18557.557294158494,18527.44128948891,18660.584899836525,18289.51874025984,18898.507449012424,18165.811823147866
2025-10-18,18760.88611673456,18972.852161822662,18646.505509146733,18678.199995452283,18649.791288287564,18243.944843587247,19087.23276936498,18576.97640337028
2025-10-19,45870.30993472324,47765.397521441206,46468.15861272892,45929.58725085998,47875.574961208906,47060.77161822573,47141.70784569677,46449.747580216645
2025-10-20,45196.11757934576,47770.83656755832,45252.350818507024,45284.61404080086,48127.280942642734,46273.0061103803,47529.036835812694,46146.98810456497
2025-10-21,45406.17091581183,48543.467306955914,45632.27171393223,45087.18223343107,48681.50277977028,46405.3020751981,48532.11636827418,46133.5885955442
2025-10-22,48934.9085019846,46282.89765052251,46968.530460759124,48947.48567353166,45899.405815462545,46472.83931613836,47171.893385775365,48909.37298732564
2025-10-23,50653.96243185446,50951.12563623315,48392.0638450574,50575.255608049774,49525.36485520354,47714.118451845636,53214.969780417574,50472.797177685294
2025-10-24,19123.83026380772,19048.008732082817,19083.886231859877,19137.245234965863,18918.59327460202,18967.88574535962,19087.952763803114,18832.92936907329
2025-10-25,19389.116233300545,19178.122559668278,19522.62369708697,19834.045341109726,19598.59485087759,20320.749437713428,19027.231888957496,20243.411989508262
2025-10-26,49853.48433197265,49354.5473258113,48625.09914668889,49844.55154277661,48457.08526272718,47748.55895071802,50648.14997236804,49991.70151610632
2025-10-27,46195.624070221354,46676.188373722514,46175.62145534378,46218.55528452719,46738.06144220975,46307.130060997384,46710.0875417502,45856.814927364685
2025-10-28,47296.29353309711,48211.72249863012,47222.42644058421,47244.838937460925,47894.96581093562,46943.9625962897,48329.966492192805,46990.70688350818
2025-10-29,47841.72490923482,49277.77656185729,48577.62958929781,47628.620203253544,50945.50326191619,50038.160802540784,48408.0381786789,48144.88693760266
2025-10-30,50676.014739543025,46522.65505393645,48104.870345106945,50650.18452540291,46068.14375487429,46279.09864946065,48399.97506143024,50257.611074737724
2025-10-31,19484.321634250897,19693.84205813267,19489.44587260302,19490.60462132145,19659.098907963264,19485.30824921558,19688.717819724185,19495.55344759571
2025-11-01,18768.671319067973,19131.637829068317,18775.172471803264,18771.13706799101,19017.5267395267,18709.211272712037,19140.726855330155,18512.32710362133
2025-11-02,47308.370417007936,47532.79019181392,47179.83183843495,47326.92411842016,47123.43497235254,47087.38969561118,47870.82512835871,48177.1305138145
2025-11-03,48902.96967449256,49947.40536989692,48869.118403870474,48885.68688592755,49882.22617286251,48746.6590400616,49756.81941601742,48937.24823500425
2025-11-04,48318.28532801533,48678.299694807625,48098.858453392,48402.918734837716,48360.5233732461,47704.885473185626,48788.101985426874,47955.919808568906
2025-11-05,50468.208187559176,52240.975351786496,49867.059397698955,50675.91779176508,52256.8680809776,50104.99898234966,52866.756201076576,50954.174894697426
2025-11-06,49657.67890342523,50070.68633752247,50061.0758498901,49710.756527538324,50514.409147494676,50588.69607197698,49720.36217420656,49385.428077495686
2025-11-07,19562.394529309437,19682.684107606823,19458.05954359603,19559.36726907343,19546.336633576335,19185.467965803513,19741.890966902152,19517.545416580484
2025-11-08,19930.27811800618,19065.38987012544,19883.694981863693,19904.306515083677,19025.799704047808,19693.235582560297,19100.204700845075,19516.204690301794
2025-11-09,50108.706920364675,50603.805706847226,50276.71396665053,50075.02471959038,51046.97084715652,50735.8499776726,50383.288925208755,49644.08575128355
2025-11-10,51942.56176858815,51462.46469959524,51525.83102589336,51954.00894586557,51904.52142783895,51110.98274330634,51821.4789104975,51852.76806284959
2025-11-11,50141.68175643176,50367.83094343088,50027.83460980312,50115.533188748,50088.65538686166,49722.990312401875,50481.871223595714,50095.36054429468
2025-11-12,51891.64654474587,52150.81540856062,51407.31702776566,51892.09590697705,51504.80955732918,50776.52863955515,52658.17714017028,52076.277287073404
2025-11-13,51577.23391499311,52296.55999821897,51425.913598540785,51599.533367891156,52100.93863694619,51253.67961269358,52402.7476198328,51243.708432233485
2025-11-14,20418.54073112687,20719.26769900894,20385.227784426625,20429.810816077705,20618.950058058886,20295.874971219248,20752.451846139807,19868.553818100012
2025-11-15,20058.638938836586,20367.61294193828,19935.213318353213,20023.570009516417,20069.395999282577,19602.449134883,20491.038562394537,19992.061634519396
2025-11-16,53401.61650414979,52519.05174036882,52828.83961866284,53478.705487476334,52464.039962516756,52869.19652443646,53021.17242999974,53560.72607420219
2025-11-17,52273.87352309556,52822.37156032386,52050.71286410191,52317.16623309763,52486.379980543956,51727.79101602482,53028.15005108215,51808.77615502822
2025-11-18,53541.52568879864,53584.06537989453,52847.56152679228,53606.45814572287,53369.53107029545,52457.45037824956,53906.45727834036,53395.69748446216
2025-11-19,54137.75092680116,53929.84522703122,53562.69506823361,54120.26809919585,53412.54119609372,53042.252487166195,54504.87022418007,53985.37937167718
2025-11-20,52062.529661316396,52757.9134208109,52061.41622816399,52072.52547914015,52637.61974548071,52074.43080454098,52740.18581331121,51852.705430907045
2025-11-21,20310.237114290212,21012.92403555355,20279.71840556753,20356.511953836038,20914.76971683652,20242.20554402705,21044.724874421463,20277.10574477775
2025-11-22,20689.631390089166,21182.172006768124,20600.920673148088,20637.321111717698,21000.767617065798,20359.134088709587,21272.759289936497,20637.48881370718
2025-11-23,53600.063843071315,52936.29852683095,53206.61859037652,53689.61690808237,54256.3554831401,54658.36730947463,53340.5391163851,53827.275108974274
2025-11-24,51480.907123399775,52016.88580064439,51696.60187889046,51535.400471223125,52530.24892860313,51974.5855253159,51654.18523621618,51360.13884205068
2025-11-25,53144.955721876555,54397.83923675948,53090.44840400077,53177.2506635838,54305.684785843674,53039.64051111173,54453.20469123036,53067.341467604274
2025-11-26,54223.27358933987,53853.41198439805,53509.4920389294,54208.77614497125,53373.713092571474,52857.804593919376,54588.44498676201,54143.375854023405
2025-11-27,54853.7124555483,54844.50601647454,54797.29627422409,54832.23120865725,54692.18932448865,54627.016501716986,54922.796252026565,54782.29041320094
2025-11-28,20763.144169680418,20963.084462629,20483.277996879733,20779.45332921856,20650.99128242549,19867.124261833957,21108.46562254853,20988.902453125414
2025-11-29,22157.73812609749,22754.290437998367,22040.67533967816,22117.05835020637,23328.53206323809,22332.31991474542,22465.21708127534,21670.278239201176
2025-11-30,55295.307366418565,55619.62944544397,55960.881708685505,55376.74185948656,56515.36472726592,57024.57854040856,55365.670478186854,55957.68379628891
2025-12-01,59872.814695158115,61020.39570195983,59837.25444076461,59871.438024074596,60786.867301452585,59685.216603117966,60216.063258621696,59779.640144971454
2025-12-02,61507.672773852144,61996.28464201018,61397.184952373325,61537.79396476833,62133.2429008525,61182.70960533199,62161.02391871234,61750.973773316095
2025-12-03,61189.86824906414,61803.02565636892,60959.368399318744,61224.49739058012,61480.38281288924,60671.3399187147,62033.52550587486,61156.89831899004
2025-12-04,60716.93866569894,61182.54011078617,60549.35438777348,60760.26182298802,61251.12811173328,60711.275331767756,61309.28063072074,60935.20702250341
2025-12-05,25767.549727463964,25621.373355912543,25437.167194553545,25793.048004486827,25323.71502866022,25121.62727452197,25927.972645801776,25755.880772503395
2025-12-06,26725.204256211175,27092.180751482032,26447.12761039567,26666.37032611634,27868.1296764929,26367.044267748326,26873.076460179087,26087.595323914855
2025-12-07,60726.753898312454,62181.57690684696,61197.24143524726,60669.762613541934,63464.84839993722,61898.33559319534,61625.256759001124,60366.19481799722
2025-12-08,61778.65418247216,62002.238456984305,61529.06989059381,61758.981786284094,61647.01236555213,61156.107402783164,62371.56169041377,61137.4984445426
2025-12-09,60996.405249661664,61232.768022250086,60856.64728410931,60961.253102850394,61094.10264460778,60546.287209367794,61330.83805907522,60664.09520928335
2025-12-10,60329.8219410418,61283.05830999986,60223.33598492233,60299.038664075255,61365.72311818866,60220.868308834164,61128.90935118329,60225.49737177951
2025-12-11,59969.442320691865,60028.40118394575,59729.883059818654,59966.919885298455,59777.94371696465,59487.37981727269,60213.946754866716,60193.18531261201
2025-12-12,27472.599547097798,27738.437534567172,27196.11015698443,27589.37351956012,27112.14383230281,26694.900624557296,28225.80895499877,27479.944812846625
2025-12-13,28469.094730704728,27319.620571005624,27765.883617984215,28516.310144108487,27527.552163371718,27286.845054828624,27629.10715599974,28461.47094723563
2025-12-14,62050.04286468967,62009.34950104292,61809.83939013466,62087.603537554256,62425.246860853695,62280.670978855684,62267.56499785891,62236.72198827832
2025-12-15,61634.20652441185,62354.743365652095,61418.820421268414,61619.836695704485,62270.50351320103,61308.37721118495,62552.502065815694,61475.882552485484
2025-12-16,61907.78806884548,61653.57063977387,61660.77728371316,61942.93543029988,61391.8981014858,61277.21013843971,61821.26785493748,62115.10588842582
2025-12-17,61054.60516722699,60933.71088909255,60786.04967942103,61042.08098208057,60888.65885980449,60744.75402243229,61226.04985367674,60804.84048026598
2025-12-18,60639.15491317612,60724.30666506061,60403.48331053837,60667.59791446409,60677.04495905459,60183.81520279779,60924.35280732084,60471.2554894432
2025-12-19,27362.033836255447,27152.22473777841,27107.837960387,27355.853070126777,27010.941434920478,26960.390403554564,27405.709842683158,26795.666304014143
2025-12-20,26323.1479512579,26810.33528043591,26912.09791920691,26460.08817532289,27986.12109114882,27605.729344201354,26107.877220212835,26289.711638978504
2025-12-21,61395.39802474839,61435.743073610196,61298.01083311616,61417.04032384934,61448.736918712704,61226.68467299266,61340.6161877949,61124.22280110859
2025-12-22,60885.545344547834,61419.26199031338,60840.551850044125,60905.15792727813,61409.74423580937,60836.168754219776,61204.278235052894,60750.49628434842
2025-12-23,60537.561864247065,60334.66316222624,60030.500734969195,60505.657296312966,60311.28686329559,59842.468780304465,60277.26397739653,60407.26750493982
2025-12-24,61318.267146423044,59909.2103577083,61051.73872487691,61316.38248874283,59865.37570893404,60647.460596495046,60041.68865751504,60557.3189995147
2025-12-25,61338.23041504909,61357.52696929393,60668.583811766046,61282.09326383013,61293.59693134761,60506.86922169409,61464.92341844189,61283.42530823932
2025-12-26,26829.591328236893,26869.895413777183,26843.539180080123,26830.115358543924,26734.388832146586,26654.63454033357,26741.013434370576,26580.01789685706
2025-12-27,25982.828579554327,25652.213013817116,25784.523049135438,25942.1131952004,25982.22588728668,25747.085615595526,25446.16489989653,25583.81544180824
2025-12-28,59732.749722003326,59692.28355296226,59687.50971323461,59736.285633428786,59535.22138790808,59576.44539826956,59955.58495988504,59842.24652347491
2025-12-29,60749.192728163325,61017.32588869265,60639.983891078606,60815.74373395498,61044.47903966335,60566.69700128128,60988.50385800002,60298.23456353429
2025-12-30,60965.98560003349,60332.271207340964,60504.346693666135,60982.27767276689,60228.675803470636,60269.96372734624,60777.77803705442,61174.76384659068
2025-12-31,60960.4175409206,61513.52429759895,60702.2322314813,61008.78794185814,61292.3242571386,60981.095020531066,61579.39812066221,60606.46027243208
