,A,L05,L6_plan,L6_adj,L6_both
2025-02-01,21505.69761637829,21315.633104030218,21444.941656833566,21536.17865531081,21475.422695764235
2025-02-02,54057.05916161086,53619.45219462371,53934.51608496934,54128.62141930801,54002.54987832817
2025-02-03,56306.601649312186,55446.66852274403,55965.26499391869,56149.64549802202,55851.4815283925
2025-02-04,57601.379640171726,56688.33167994524,57039.23175860474,59079.50575897181,58764.525411443334
2025-02-05,55488.19508076013,55854.308049389,55510.42652809028,55023.30495101328,55107.67832238191
2025-02-06,57686.67791448869,56990.32579673592,57421.20013911964,57570.33058436965,57308.362495963804
2025-02-07,21783.355243723843,21394.556945747805,21422.930338707894,21814.692430547293,21453.80964376332
2025-02-08,21885.99282361813,23160.814321365142,22202.049580137937,21849.137758945864,22142.406572212418
2025-02-09,56568.482067401776,55262.58267404255,56309.58142661612,55921.63198692394,55742.5352280181
2025-02-10,52505.94696657542,52600.39241372241,52446.74152162272,52218.02184181442,52463.48835227177
2025-02-11,56973.01990240321,57166.71674577521,57363.26372293166,54274.767262640584,54130.64029140916
2025-02-12,55110.5467585515,55534.504857018364,55583.55598114942,55588.729219943365,56073.96866351576
2025-02-13,50165.39093759485,48736.5905242184,50155.01056365403,50102.42086839097,50091.7319713008
2025-02-14,21111.73600051007,19938.070625846158,20958.399995981028,21166.885779755576,21011.437405067656
2025-02-15,20463.070221782622,20174.95308112227,20353.037779711103,20477.152944544505,20367.12050246979
2025-02-16,61026.08307901426,59351.61533900143,61441.75407574045,63487.99541119173,63905.14226030519
2025-02-17,54250.856817188214,53064.15788787485,53777.753212378724,52893.43588251881,52465.18812199613
2025-02-18,50295.824616746446,49378.78177705096,50088.621267548304,50275.77781380694,49959.46386592201
2025-02-19,51538.153851302646,51495.439472616876,51590.88708626792,51350.888861065185,51811.68539572178
2025-02-20,50745.93109633791,51002.36621597141,51014.20505744684,49918.93679944883,50109.47942923333
2025-02-21,20769.577128636316,18876.167264498807,20565.25493327738,20730.820122332967,20523.16253335654
2025-02-22,19502.973736215143,19079.580566108914,19498.68259483543,19525.04835044178,19520.19945198243
2025-02-23,52593.83384925906,50986.131436098105,51876.52713203218,52859.58811216398,52217.99494416128
2025-02-24,47776.29809714069,49263.231266902025,48456.151200029264,47057.21704565998,47963.631671772884
2025-02-25,49566.41536149339,49381.06609188951,49463.40130980017,49392.15489854627,49292.12414003447
2025-02-26,49059.64812374607,48066.330386236885,49022.534319616374,48493.22611016195,48449.62720597982
2025-02-27,48289.40259182485,47732.32750728413,48099.967702981296,49608.78861103358,49463.021510302366
2025-02-28,18582.336611574312,19120.676864691624,18312.15485463902,18700.96005615308,18423.333835730664
2025-03-01,18594.657830583335,18390.722649583648,18376.127446635925,18581.67130804337,18363.140924092226
2025-03-02,49969.4899306404,49225.4869437039,48542.05716837196,51982.03653613817,50950.83905379506
2025-03-03,56737.77816382059,55618.9619307667,56374.24086829584,56797.306722622256,56434.363419530295
2025-03-04,49181.5716762082,49854.88166351285,48456.08242476792,47710.19947810335,47156.2654040714
2025-03-05,50312.03919990108,49242.44653701746,50239.73722540521,49156.91972987367,49080.22926022372
2025-03-06,47709.101720425926,47656.912104265415,47364.56925119596,47048.98744396113,46971.92873780785
2025-03-07,18078.554689990557,17760.94282012328,17961.01635342491,18027.0026419254,17909.464305356756
2025-03-08,17219.92421104404,17212.816510285673,17255.12458584449,17133.92376355121,17118.128375286302
2025-03-09,49686.896660394836,49209.25014008035,49409.04686726595,47789.27722233749,47502.520154911865
2025-03-10,48537.16497540662,48923.171838166396,48850.599942560475,50184.696737765655,50024.452977787834
2025-03-11,46508.94232008158,45255.54492715286,46299.040557965774,46149.0254169774,46084.34283958827
2025-03-12,48276.615308089284,48194.601862436844,48059.006132232986,45049.68935292233,44808.70831513508
2025-03-13,46996.45336069091,45606.466819667025,46590.29674450272,48163.10042881539,47199.39750507013
2025-03-14,17618.85727507212,16710.470096058307,17578.999600137995,17463.359360673934,17423.501685735027
2025-03-15,16857.77882371562,16620.219720983998,16845.495743751282,16805.715359640413,16791.799840980795
2025-03-16,43227.576482853015,42699.0687606858,43201.11646098192,42871.79859922875,42825.51473648342
2025-03-17,46233.609953258914,45837.72313453636,46048.12095509976,43165.11603957957,42608.56843854105
2025-03-18,45605.76191128337,43641.987006982716,44795.74080601829,47470.8661602281,46660.06814642705
2025-03-19,42433.604473858504,41619.915496878835,43149.902850463,42048.60997187039,42814.49848577331
2025-03-20,56063.85648174432,54442.695825596085,55542.604699042815,54917.34457681762,54302.19241952077
2025-03-21,16466.66774351264,16451.82653830464,16466.326982483082,16347.792364866964,16346.823556749414
2025-03-22,15998.974489926297,15880.547061578825,15989.334664910302,15833.1544665656,15823.514641547756
2025-03-23,42009.36320695948,41269.93861124509,41649.62045322195,41888.00542433257,41712.495615390224
2025-03-24,41714.96488709876,41433.08481682422,41714.343996616786,41771.51627697577,41683.48529505259
2025-03-25,52072.15847682764,49584.66504145808,50656.01140782344,52670.72584706479,51252.55302430074
2025-03-26,39460.74313625004,39322.43661768855,39468.70672791601,38326.33043333202,38658.2379482671
2025-03-27,43703.23978470911,43423.532187027115,43935.475932116286,42837.64358541976,42920.17787988563
2025-03-28,15728.614437154583,15562.373108200794,15668.366744976713,15627.970383959188,15561.356216655877
2025-03-29,16759.201571166523,16502.560157212232,16730.55221954396,16652.229703366407,16623.580351743847
2025-03-30,46568.34518020884,45032.19993051809,45825.23675114304,45921.38544856863,45173.584590345345
2025-03-31,41136.34638358067,39168.61583431478,40066.44315877715,41390.2840349267,40483.23458601416
2025-04-01,42510.62633374226,40638.83780203784,41818.9188145814,41968.683833471645,41292.668656321475
2025-04-02,42631.42910545526,41978.94960107064,40989.91080086668,42357.105383312984,41152.315473271694
2025-04-03,40448.625925552806,40661.799242594985,40538.37022437524,39383.473156492546,39416.17629463552
2025-04-04,14539.621351153066,14397.593027694593,14538.212628351519,14432.2716480957,14429.697595513377
2025-04-05,15782.484690044032,15649.30183913542,15788.856944491748,15646.480207566326,15654.327357965585
2025-04-06,40471.26710530368,38437.94733881287,39766.855169396724,40444.675499759906,39741.503268320776
2025-04-07,38650.1893742181,37884.33881471008,38731.92196348694,38213.057751719076,38302.35316474203
2025-04-08,42343.71153004223,41328.32253944942,42042.95058458257,42204.30696513859,41887.86265225908
2025-04-09,39073.133307342214,38701.69751107834,38573.39769996001,40285.60860879894,40430.97547621495
2025-04-10,38741.997301417265,39975.67431303674,39478.81090556186,38017.57230615882,38628.59215529868
2025-04-11,15581.697579615498,15566.439663473935,15472.043604483719,15462.60721913636,15352.953244004577
2025-04-12,14891.260801216526,14792.580896043495,14874.53396826818,14732.122656006322,14715.395823057976
2025-04-13,38458.61561760729,38645.36614783349,38097.93486605973,38496.53634440597,37998.00335092245
2025-04-14,41802.23502914544,41922.006354595585,42005.63584155653,39310.28356585242,39530.75297675492
2025-04-15,37659.05347615687,37262.28117182863,37808.45027748205,37588.68694785788,37512.37921659958
2025-04-16,37554.030279188366,37175.93682010431,37335.90676511393,39514.440609434765,38798.637948001095
2025-04-17,36609.10735199591,36780.74001392077,36241.52126503698,36356.955812871645,35415.7676931455
2025-04-18,13656.0374432065,14170.335142308655,13649.693744462686,13477.200694299689,13446.684199247642
2025-04-19,13165.691139479863,13213.191564776569,13124.73394101428,13263.497967186657,13222.540768721077
2025-04-20,35915.999861651515,35440.76461922406,35803.65702167952,36007.90471566312,35907.36513071276
2025-04-21,35499.74579561821,35497.73176599674,35496.9342880903,34651.13986541917,34648.32835789126
2025-04-22,36031.32206155712,35469.91472566975,35761.99712559628,35494.68417992215,35386.66129463499
2025-04-23,35852.46921917527,32928.95822518503,35063.96303047444,35575.49106015184,34619.700281414756
2025-04-24,33794.733934151554,32623.419082187018,33121.35506240829,34444.20697447389,33637.33851454602
2025-04-25,12849.527383423077,13114.144058713711,12707.123571087484,12777.251111380325,12645.759597736513
2025-04-26,12876.246626346998,13200.960370976318,12873.928248499107,12905.643562600377,12903.176037821262
2025-04-27,35751.93720386806,35193.79266466976,35623.71338437402,35823.874055573026,35695.41228217181
2025-04-28,37907.19766157543,37022.187943340745,37499.101076004816,39204.43861169764,38656.18857871281
2025-04-29,34015.808010862434,34969.284276203434,34584.912016437855,33201.27733368438,33770.75261297062
2025-04-30,34519.5064394823,33918.35728109504,33534.42778232132,33335.52376443477,31483.28498653179
2025-05-01,36297.043328213746,36963.79646495419,36388.189785569986,36303.64439307036,36404.858735004986
2025-05-02,15775.67821312204,16477.737679267695,16122.336239617283,16219.015317433305,16162.629322478506
2025-05-03,15327.713713320001,15269.130431856353,15319.004796766698,15366.557799677916,15357.848883124612
2025-05-04,38197.32375552346,39247.341118989985,38646.198596645896,36577.76815737984,37028.97340046233
2025-05-05,37071.78940850786,39597.324362924635,37413.96005825653,37552.444298263545,37664.446572292225
2025-05-06,39293.46535753053,36817.56622365062,38051.095023799295,39138.22430575375,38033.45114644111
2025-05-07,38285.59177388482,37349.736668764315,38287.60717163926,38296.749590294254,38406.5217109417
2025-05-08,38921.49897192088,39151.910999470594,38519.959274942856,37589.861468760624,37369.26718057124
2025-05-09,15255.19932289239,15042.619676746255,15096.28695177675,15338.093848961966,15128.49620316953
2025-05-10,15183.632138390984,15207.401665296982,15184.871990608848,15150.88069523481,15147.672497854765
2025-05-11,37355.59787235091,37045.008629172495,37276.000673813505,36928.08448069275,36827.03281931891
2025-05-12,37582.681363026924,36958.98545462832,36951.63846960418,38016.76042995483,37338.64101913383
2025-05-13,37313.9969307825,35774.42764924765,36732.5496699438,37707.114597104824,37103.38432818502
2025-05-14,36188.1183993386,35991.12357771163,36136.6191193573,36363.242497783045,36278.23248957616
2025-05-15,35731.6665200218,34989.96109995363,35335.79545198903,35806.92573879019,35264.17639891979
2025-05-16,14486.06468233879,14788.155519992491,14366.683853925513,14395.785785202914,14290.883050006665
2025-05-17,15591.690342967633,15578.63639977008,15607.748841104887,15374.356176546029,15376.509607359152
2025-05-18,35972.17020030436,35760.56897955587,35866.879150025925,36114.98649303173,35891.99751497063
2025-05-19,34489.59969440442,34001.16050444603,34256.53557264382,34820.74802134365,34503.162972167826
2025-05-20,38875.71487880024,38929.26476427356,39243.25590020159,38082.021224765325,38256.811782934
2025-05-21,37087.89734176044,36024.72589973527,36578.14443127702,37004.94092429916,36555.10072543642
2025-05-22,35516.224054218095,34152.37127390849,34849.83573322203,35752.37367678989,34901.67453064558
2025-05-23,15452.150342058743,14964.704911936902,15380.683459500255,15163.330926470924,15091.864043912432
2025-05-24,14301.059967591973,14361.871004530562,14264.752551401794,14327.78703642374,14291.479620233562
2025-05-25,35514.64359933762,35169.52943069328,35324.9056510822,35540.06349950058,35345.559817806956
2025-05-26,38030.590365283446,37968.96352047278,37721.77390789332,39078.0835530336,39453.554958165245
2025-05-27,36774.45416571854,34439.133813864406,34498.9459490906,38095.941814229394,35739.20741023119
2025-05-28,35668.70797776392,34811.81835351088,35250.01450066496,36054.154744624255,35600.994434318985
2025-05-29,40326.74163589452,37826.605530370995,39566.61268868039,39318.461534918024,38989.86958135133
2025-05-30,14368.92494024157,14532.74136400759,14360.8016161278,14423.663098564364,14415.539774450594
2025-05-31,15048.553927602785,14880.52344387973,15004.01572975115,15102.491648679674,15057.95345082804
2025-06-01,52019.39500123547,49681.49336068878,52388.48971676146,54025.574981042046,54343.55121095962
2025-06-02,50106.4575972249,49235.098776878105,49735.74178619246,49048.94162571231,48764.089315851015
2025-06-03,47306.149885506966,47676.47982002781,47196.90795261988,47376.25353647229,47036.18176655137
2025-06-04,50099.420891046335,48747.44746437479,49594.355283848694,50402.447315882084,49730.489049527925
2025-06-05,49190.38729726865,48338.86062918284,48925.61171694975,48528.74541256699,48258.510179822
2025-06-06,21611.24103237882,22628.95821943322,21989.722879460023,21627.448627954695,21750.583777609052
2025-06-07,22765.56545726321,21079.97524904208,21949.657658642842,22658.44921798133,21842.54141936096
2025-06-08,46135.1294246642,45760.27047690674,45798.77223481087,47581.12929282178,47200.77998801567
2025-06-09,48979.269931896764,48573.64152352815,48840.605678184664,49025.732514018,48879.40627852529
2025-06-10,49347.61602136906,48281.22055322928,48658.48473447612,49514.77468994627,48806.432002686655
2025-06-11,52346.27196333651,53221.51178012431,51630.576213104214,55006.4910070308,54353.962869437564
2025-06-12,50196.23578347172,50760.48015922558,50497.420209390424,50117.84370923957,50566.57170884212
2025-06-13,20348.13337965479,20315.158003617198,20360.09494481974,20343.13039033662,20351.86767935172
2025-06-14,21579.41496830643,21794.084490457448,21655.7821065116,20924.963020852585,21001.330159057754
2025-06-15,48006.161117151954,47480.898100451464,47702.37305339784,48327.32423309313,47881.44359831942
2025-06-16,54320.93015027473,51165.72322639685,53158.1706675849,55070.27135636401,53992.70476084957
2025-06-17,52142.264604602286,52634.11393971554,53662.81951176832,53698.57265310133,53678.19381747921
2025-06-18,48157.21541497225,48495.04405345429,48404.73827316501,48026.68060254635,48222.6240708534
2025-06-19,48384.793208338335,47953.330251709165,47926.79149366702,49138.06641504956,48689.46113752371
2025-06-20,19219.48870365695,19183.726691468964,19215.521920628278,19234.62181858823,19228.294103916174
2025-06-21,20063.702051392087,18840.639269954114,19504.811756852934,20273.30481522558,19702.68130082201
2025-06-22,49185.319243705395,48929.45178299254,49086.266586768426,48450.07316220155,48350.91819806931
2025-06-23,48571.075255540556,46635.75513643556,48624.044769190776,47881.048974341764,47975.232097267515
2025-06-24,53336.790554090665,54535.70213801727,54299.623262705565,58830.13894812629,57965.964496771936
2025-06-25,49188.861858831995,47442.42288831693,48669.67865765949,49153.11351571525,48686.37488567743
2025-06-26,48072.38641469698,46166.97126715295,47233.15856457126,49015.66371814681,48045.92866014876
2025-06-27,20044.54583821882,19582.1063284422,19854.141661309237,19786.401426160333,19595.997249250748
2025-06-28,19632.917518004306,19468.412507117268,19651.433161449768,19317.34991028197,19290.851562268446
2025-06-29,49519.03025645225,47389.65733569431,48899.34101447863,49093.56475045696,48476.059442864615
2025-06-30,47311.15365267365,46796.270547211556,46947.60045052845,47779.33274028918,47378.16524266842
2025-07-01,54284.28065221496,54048.07207570435,53806.36701400617,54631.70858157829,54299.61952236302
2025-07-02,49200.819789174995,53807.71914374958,49916.903486466166,51166.629205003555,50607.636605058964
2025-07-03,54800.00655716888,56180.84927954604,54946.491059237735,55163.52247950374,55237.29266682525
2025-07-04,27589.891039789287,26416.293284480987,27318.746404862188,28310.649987982306,28208.536126075065
2025-07-05,26590.43427145017,25834.921749558365,26484.37092958712,26807.979602976426,26709.02786787508
2025-07-06,56968.14182830856,57233.88366785583,57058.224437928846,58000.417506327525,57769.76361950945
2025-07-07,50672.66132625138,51627.842979420595,51089.84542131689,50937.942960573564,51163.82708342835
2025-07-08,54417.44383495839,55042.536868997224,54402.10219285817,53403.61968158373,53589.28027160104
2025-07-09,52908.58461242598,52488.26661840029,52927.16711891644,52011.864714065574,51936.81378782192
2025-07-10,52661.08553448462,52942.44388449504,52635.40600024297,51459.01099936791,51407.53886300265
2025-07-11,25892.409661615617,25503.816710578638,25368.69328020769,25590.054869364372,25390.492404449025
2025-07-12,28082.66946654139,28051.451071221156,28006.78165902186,27813.958398941297,27738.07059142177
2025-07-13,52694.170428252306,53039.3184099836,52999.8130864442,52079.00784058263,52174.65526302153
2025-07-14,50886.89567808849,49198.29700564622,50408.71631019793,51527.258385631314,50812.34081834191
2025-07-15,58538.69299808966,57153.94997338432,58165.788802152674,57608.1450349198,57239.739773722824
2025-07-16,50178.54352175876,49550.61369655226,50141.3440396948,50088.297198413326,50017.91066465133
2025-07-17,51958.86735163933,51626.35091953308,52323.04905427185,51873.892814657534,51835.204419713395
2025-07-18,26739.685586201038,26564.515661007477,26615.395123739876,25836.259192616326,25703.921013390238
2025-07-19,25763.68175982785,25382.309783347395,25568.251535698742,25768.79422240483,25574.670269767485
2025-07-20,50371.36405808402,48777.359572613525,49894.56313593913,49998.16300266344,49527.15796887383
2025-07-21,52544.50881436412,52115.42527087335,52488.1431504581,53206.46886761523,52836.93435509654
2025-07-22,52688.54675796311,52407.42681985597,52528.24347415474,51935.57681389335,52264.43096297008
2025-07-23,57961.46475250399,56629.560901450575,57391.66589253569,57001.59811630225,56431.94943537294
2025-07-24,52296.01607206269,50803.453984275155,51822.28926909987,52976.63005339365,52203.71751268501
2025-07-25,24291.497759754984,24685.471604025035,24542.06614592973,24375.166798510676,24098.842766586924
2025-07-26,24828.439165583033,24898.94754123074,24748.14527709926,24497.465402266713,24385.935502632132
2025-07-27,54436.85895830495,53121.30010138202,54043.91366955326,55188.263095193055,54793.90088070164
2025-07-28,55562.71135024045,55640.82109236215,54983.651133037085,56155.829242791806,55739.92583489511
2025-07-29,53435.164720023575,51661.673602754876,52815.1870859221,53566.85441529281,52996.371087675616
2025-07-30,56292.93208469498,52124.764641187336,54876.07826125606,56204.39276260956,54801.65020061809
2025-07-31,53731.62481838905,52912.10221542445,53311.87020375229,54370.83403449172,53957.43383073062
2025-08-01,24020.527486807427,24180.52828423632,24090.333347302174,23902.3358965226,23972.141757017343
2025-08-02,23731.303381002777,23561.910927765035,23559.120280015028,23704.48611457474,23533.407509493758
2025-08-03,46117.360112383656,46113.428937366494,46043.93666960665,44587.57695811119,44576.98972499397
2025-08-04,48270.56179295231,48971.9843512761,48515.71181097032,46828.18811446687,47169.150127924084
2025-08-05,46060.5919620115,46542.07411789127,46478.60283901035,46844.05428507519,47459.241006233555
2025-08-06,49124.1310266901,46540.86654629391,47347.60967457941,50989.11943808897,49121.73465255582
2025-08-07,46777.832336996675,46036.40314472844,46558.65403432221,47010.55016695049,46782.76510316966
2025-08-08,23383.000155370533,23521.2004696056,23404.808292024136,23002.42158170973,23018.030183716033
2025-08-09,22942.104717830058,22902.698406917334,22996.262633902083,22938.953519167153,22987.350256655704
2025-08-10,47620.327856514385,45576.61561883995,46672.99477012669,47668.68738102375,47429.96592340451
2025-08-11,46793.4114119989,45912.280786376854,46440.06570629959,46757.0364828043,46382.23580705548
2025-08-12,47806.63022268599,47316.052602336844,47468.12224498123,49253.19406103919,48733.98418636703
2025-08-13,47316.49291829234,45072.10864573329,47016.72526461901,47198.8141300316,47049.18397209289
2025-08-14,46528.016277871924,46460.468770329724,46084.527563405354,46476.618703518834,46004.73759339962
2025-08-15,24365.9387671481,24207.56016564609,24186.365883201237,24113.0340195514,23933.46113560453
2025-08-16,24762.387866495126,23885.847079602932,24231.363746697545,24555.582562558557,24024.55844276098
2025-08-17,46324.965459949366,45224.60957403724,45978.06940878501,45952.20134610369,45610.8308380989
2025-08-18,44523.41532443818,44183.73974757746,44540.096400850016,44403.148235022825,44466.245427795366
2025-08-19,46005.862417220684,45599.96971852913,46104.47902883339,45938.16441907416,46182.75442069825
2025-08-20,56519.67087345347,55582.54455886882,55874.6414007222,59306.256768119325,58505.07816500548
2025-08-21,46793.7185449197,46903.219624334895,46732.280713066204,46124.68592130537,45955.46129588099
2025-08-22,26042.731221058522,25806.25806048206,25789.51062889193,25908.416576744956,25655.195984578357
2025-08-23,24461.91999657719,24174.401764902832,24354.324541446036,24277.408302245567,24169.81284711441
2025-08-24,44791.187709000005,45288.05978297696,45161.77815884469,44916.20302497621,45315.433925783225
2025-08-25,56430.807327315735,53358.34600788902,55287.222396305835,57541.67030246058,56398.085371450696
2025-08-26,45665.62079209282,46067.79249119841,45768.60564749772,46935.5358716129,46567.62718222072
2025-08-27,52729.27954777891,50172.01378667928,52061.7023512256,52238.10834219066,51560.269346831345
2025-08-28,50454.35495740234,49785.533399644584,49752.6074024972,50341.03478103304,49627.134912370035
2025-08-29,24111.559368715072,24029.236364562377,24017.637361980393,23925.587221446607,23831.66521471193
2025-08-30,24546.413678125344,24492.851425052682,24469.89504920119,24337.56587092202,24249.332278263435
2025-08-31,52650.2018657146,52478.424645650666,52444.85312864606,51667.681680162685,51430.997744226785
2025-09-01,39630.955821522264,38386.24739429531,39050.9528534029,39458.49489851252,38877.70896162435
2025-09-02,40393.06083252977,39127.419623266665,40343.3812160563,39421.24330901237,39364.189114574256
2025-09-03,40757.5238468565,40658.36108947481,40682.16102309742,41234.24694938632,41147.97911378345
2025-09-04,39756.8136942985,40198.51337687565,40009.22250376349,40657.83477959354,40793.45678668655
2025-09-05,19497.288609248706,19660.476913571583,19499.448455925376,18747.25608837233,18749.415935049
2025-09-06,18611.966285302,19174.32501368152,18664.198691713507,17868.124172694985,17920.356579106487
2025-09-07,40256.79504193238,39446.803860007785,39808.23674231011,39313.75274619528,39135.39363874874
2025-09-08,42337.27081066707,42756.67327612017,42421.53774009215,43303.518360960705,42779.23292230709
2025-09-09,41369.207668341674,40124.084744930115,40941.610712183974,41257.71962822289,40722.96952162849
2025-09-10,47222.1498224818,45626.35724219557,47153.229630721304,48651.19390365925,48484.70265072518
2025-09-11,41083.20912149765,41560.44331422936,41207.59792093185,39803.22829806601,39927.617097500195
2025-09-12,17779.302589655992,17715.125227788754,17758.745475445623,17721.025859950358,17700.46874573999
2025-09-13,19476.62744508225,19934.606223512452,19483.205965703077,19211.068948740613,19144.018537531563
2025-09-14,43836.065796509494,42088.67063562177,43045.283680814246,43612.1433966252,43057.93126117652
2025-09-15,41636.77228515507,40247.23803036924,41675.88399335552,41230.20017597094,41345.11966728955
2025-09-16,44095.7599743558,43345.6283743693,43745.53505688881,43729.795950044645,43374.70145020225
2025-09-17,47053.90868522409,46616.57196705527,46919.05878037082,47329.23748128679,47224.829145999065
2025-09-18,44608.94293988508,42598.94463491829,44347.53735849576,44985.171071456505,44700.4632864979
2025-09-19,19397.89233546146,19382.84074334888,19324.973242202697,19370.700614701185,19299.367482782596
2025-09-20,20275.645708428223,20336.123007598086,20363.988063835288,19893.10428654183,19975.5750928255
2025-09-21,41355.94449678392,41430.93030906938,41247.13447817608,41045.66758725239,41009.95869011486
2025-09-22,49373.29985361528,47626.59966793208,48742.5812600472,48428.27254191214,47798.63427292016
2025-09-23,45375.48881671298,43948.066658556025,45063.99458607679,47169.029685536436,46867.649524389984
2025-09-24,43649.57169898418,44704.91911617688,44583.87189337018,43606.11598039597,43065.95354897844
2025-09-25,44461.38412435751,43511.065354294566,44381.441542142355,44590.92510877715,44536.0044026439
2025-09-26,20058.488420242295,19915.596611021265,19955.070842814705,19698.14573371906,19594.728156150508
2025-09-27,20841.99057224833,20868.240661367825,20948.73231317155,20834.359332289347,20938.782492391387
2025-09-28,47433.60900157305,45346.083556338184,47106.35834416266,46456.15263462143,46258.206769045166
2025-09-29,53055.72403132108,53124.20360250303,53025.50921680471,51369.85793096985,51462.151266147164
2025-09-30,50369.02267158622,47838.64450674998,48804.74882239536,51688.97154345943,50248.49527720826
2025-10-01,37303.32351985841,37918.71459012164,37577.08403384341,37174.84990535689,37437.598642439894
2025-10-02,41377.80680351573,41233.2223724094,41285.857774450196,40086.555313142184,39994.60628395504
2025-10-03,16466.066153069998,16266.656882877638,16435.858842747242,16235.891494590838,16205.684184197982
2025-10-04,18091.435248141344,17770.209396561997,18005.108827433545,17963.805744257446,17877.479323534346
2025-10-05,41795.40874014799,40681.94966130942,41173.22503697538,40627.288850344536,40005.28086459462
2025-10-06,42655.89143089446,43621.20964832873,43101.99477790667,42854.10027308427,43342.68304848763
2025-10-07,41316.27787542803,41189.82887524071,41494.192950384844,42302.412274287635,42179.286384835505
2025-10-08,42850.95043172211,44994.21111253889,42620.30879546787,40190.83443773941,39702.73795120182
2025-10-09,46445.027989388924,45203.75003807523,45903.50999167791,46099.95483098922,45561.67991231512
2025-10-10,18626.97446718083,18374.061038176078,18542.69218731887,18476.842598883562,18400.010265815188
2025-10-11,17949.471127462566,17933.162776184538,17916.790878320437,17755.270398309924,17729.638183983003
2025-10-12,44649.48396392892,41191.80789920295,44086.65743461925,43167.30833771257,43188.0725533747
2025-10-13,46973.17947444804,46633.198807520406,46879.55982605084,46347.948603265075,46243.08049624773
2025-10-14,52146.284344435684,50775.89014453466,51728.53099004933,52707.97923612618,52290.10611668221
2025-10-15,51535.75380388633,49208.54071820398,51002.83197127248,51828.165077238344,51291.63718704342
2025-10-16,46163.61159090747,45843.40244669186,46434.334376721745,47056.378592109046,46868.1418793972
2025-10-17,18898.507449012424,18165.811823147866,18760.496353506154,18660.584899836525,18522.573804306485
2025-10-18,19087.23276936498,18576.97640337028,18934.440268275106,18649.791288287564,18496.998787161465
2025-10-19,47141.70784569677,46449.747580216645,46566.162852994166,47839.553625406465,47489.101861519586
2025-10-20,47529.036835812694,46146.98810456497,46914.83220346161,48127.280942642734,47686.39457110426
2025-10-21,48532.11636827418,46133.5885955442,47774.98276285144,48681.48725245693,47934.26606611986
2025-10-22,47171.893385775365,48909.37298732564,47617.505795100704,46681.626448046285,46652.49693987462
2025-10-23,53214.969780417574,50472.797177685294,52180.128864118946,50310.48462342291,49277.305365365995
2025-10-24,19087.952763803114,18832.92936907329,19107.903398754326,18918.56556442081,18938.51619919092
2025-10-25,19027.231888957496,20243.411989508262,19447.36792722944,19598.59485087759,19945.587659990062
2025-10-26,50648.14997236804,49991.70151610632,50199.71047669707,49028.322146045924,48627.14016923628
2025-10-27,46710.0875417502,45856.814927364685,46578.19491096679,46841.15964646708,46769.86789194786
2025-10-28,48329.966492192805,46990.70688350818,47966.19009389572,47968.27718188646,47629.262847348
2025-10-29,48408.0381786789,48144.88693760266,48395.90101281738,50945.489769541426,50388.604987727216
2025-10-30,48399.97506143024,50257.611074737724,49594.64329407185,45827.75908268144,45799.32159935353
2025-10-31,19688.717819724185,19495.55344759571,19600.03417481294,19659.098907963264,19575.169830994593
2025-11-01,19140.726855330155,18512.32710362133,18969.575453288908,19017.5267395267,18878.098036734584
2025-11-02,47870.82512835871,48177.1305138145,48015.82146161637,47251.95115109729,47279.643251780595
2025-11-03,49756.81941601742,48937.24823500425,49252.128632394146,49882.22143743953,49368.769622830994
2025-11-04,48788.101985426874,47955.919808568906,48607.443459591625,48360.52149669035,48046.22078309403
2025-11-05,52866.756201076576,50954.174894697426,52398.18952797247,52559.886587469795,52099.18698662508
2025-11-06,49720.36217420656,49385.428077495686,49742.09995622731,50514.40650800167,50524.25498482957
2025-11-07,19741.890966902152,19517.545416580484,19623.072145172497,19546.329789969626,19421.12107189025
2025-11-08,19100.204700845075,19516.204690301794,19330.68748494133,19025.799704047808,19130.259594131745
2025-11-09,50383.288925208755,49644.08575128355,49794.056165967064,51046.96071921809,50908.92831414482
2025-11-10,51821.4789104975,51852.76806284959,51722.145050655025,51845.491155737516,51479.707998149075
2025-11-11,50481.871223595714,50095.36054429468,50298.410347595294,50093.25041180871,49909.78504805048
2025-11-12,52658.17714017028,52076.277287073404,52291.9332260483,51506.546384024135,51104.13420779339
2025-11-13,52402.7476198328,51243.708432233485,52065.6968785307,52149.98104426541,51813.54611670148
2025-11-14,20752.451846139807,19868.553818100012,20696.262141131643,20618.950058058886,20562.760353014888
2025-11-15,20491.038562394537,19992.061634519396,20182.94611031398,20069.395999282577,19761.30354718044
2025-11-16,53021.17242999974,53560.72607420219,53258.15613792525,52318.796675531354,52475.172114874185
2025-11-17,53028.15005108215,51808.77615502822,52713.28464358868,52550.17377127084,52207.82030061051
2025-11-18,53906.45727834036,53395.69748446216,53438.96016249925,53369.519547613025,52907.95057137237
2025-11-19,54504.87022418007,53985.37937167718,54436.32356583196,53412.53282414672,53356.186028682976
2025-11-20,52740.18581331121,51852.705430907045,52399.23864711915,52660.505855634285,52319.14118768275
2025-11-21,21044.724874421463,20277.10574477775,20805.88615957921,20914.76971683652,20686.51171160989
2025-11-22,21272.759289936497,20637.48881370718,20899.41966899948,21000.767617065798,20622.873896516514
2025-11-23,53340.5391163851,53827.275108974274,53495.79025276319,54111.0241400418,54394.220961498606
2025-11-24,51654.18523621618,51360.13884205068,51306.05132327759,52643.27792382142,52063.60716462576
2025-11-25,54453.20469123036,53067.341467604274,53974.783908623875,54342.65550395122,53867.19822000048
2025-11-26,54588.44498676201,54143.375854023405,54317.55664979011,53317.154911174024,53167.1641285284
2025-11-27,54922.796252026565,54782.29041320094,54865.11489811141,54692.18807751652,54613.626404563875
2025-11-28,21108.46562254853,20988.902453125414,20772.569146194677,20650.990236917893,20389.11609460161
2025-11-29,22465.21708127534,21670.278239201176,21840.59726380873,23328.53206323809,22461.736567311575
2025-11-30,55365.670478186854,55957.68379628891,55395.18850067792,56511.58909327705,56962.984038278104
2025-12-01,60216.063258621696,59779.640144971454,60033.532651157446,60464.7089402507,60032.9401667669
2025-12-02,62161.02391871234,61750.973773316095,61834.646763302066,62133.24247963439,61605.00473627777
2025-12-03,62033.52550587486,61156.89831899004,61734.63172605966,61480.38228335585,61181.48850322828
2025-12-04,61309.28063072074,60935.20702250341,61131.30192903976,61251.12811173328,61076.66704190272
2025-12-05,25927.972645801776,25755.880772503395,25879.459734291173,25370.656763450206,25295.605410501532
2025-12-06,26873.076460179087,26087.595323914855,26674.97876652538,27896.475362873385,27248.845413013405
2025-12-07,61625.256759001124,60366.19481799722,60867.895506300985,63464.84839993722,62694.39983530868
2025-12-08,62371.56169041377,61137.4984445426,62039.00264189963,61761.55834073148,61469.5513866254
2025-12-09,61330.83805907522,60664.09520928335,61067.70368180235,61076.510632576625,60753.57294344814
2025-12-10,61128.90935118329,60225.49737177951,60336.38140919385,61365.72193422211,60508.4492274146
2025-12-11,60213.946754866716,60193.18531261201,60058.192943569906,59777.942609065394,59613.48412447414
2025-12-12,28225.80895499877,27479.944812846625,28112.52298155739,27129.254164119262,27012.19416281016
2025-12-13,27629.10715599974,28461.47094723563,27707.36353947683,27432.51605992174,27062.221100453593
2025-12-14,62267.56499785891,62236.72198827832,62199.08400026031,62422.03899901732,62431.788304761336
2025-12-15,62552.502065815694,61475.882552485484,62167.24418392404,62270.50304931061,61885.278759943176
2025-12-16,61821.26785493748,62115.10588842582,61912.66218949511,61391.89708362195,61314.85906148654
2025-12-17,61226.04985367674,60804.84048026598,61101.68943828679,60888.65781542975,60786.109609952255
2025-12-18,60924.35280732084,60471.2554894432,60831.53433712432,60677.04387790054,60349.83282156872
2025-12-19,27405.709842683158,26795.666304014143,27245.40396935918,27147.532490758113,26986.33001045933
2025-12-20,26107.877220212835,26289.711638978504,25818.619718333113,27812.463986341132,27476.708014542335
2025-12-21,61340.6161877949,61124.22280110859,61209.30966756591,61346.22075778046,61207.720190014545
2025-12-22,61204.278235052894,60750.49628434842,61002.120540026044,61327.227692302775,61071.41469213636
2025-12-23,60277.26397739653,60407.26750493982,60198.55151097523,60256.769033231794,60049.46886248746
2025-12-24,60041.68865751504,60557.3189995147,60392.320877754995,59865.375963915634,60015.112060050546
2025-12-25,61464.92341844189,61283.42530823932,61201.293993408646,61293.59606359661,60860.76643032786
2025-12-26,26741.013434370576,26580.01789685706,26711.080522613258,26691.482812672166,26585.81954398982
2025-12-27,25446.16489989653,25583.81544180824,25546.440004219276,25909.525990899714,25730.230716929713
2025-12-28,59955.58495988504,59842.24652347491,59637.61789336091,59481.09435712815,59521.7451892114
2025-12-29,60988.50385800002,60298.23456353429,60826.5747285352,61044.47949107319,60855.14878919227
2025-12-30,60777.77803705442,61174.76384659068,60925.05972898498,60228.675803470636,60230.10734926301
2025-12-31,61579.39812066221,60606.46027243208,61087.51319840733,61289.52137864505,60920.91377370375
