日期,动态分时段费用,动态单λ费用,λ_am,λ_pm
2025-02-01,20714.71137106171,21315.63310403021,0.6,0.0
2025-02-02,53859.70089253328,53604.3593709981,0.6,0.0
2025-02-03,53555.80164138542,53891.38424522846,0.5,0.0
2025-02-04,56782.008874699466,57210.24886377224,0.4,0.0
2025-02-05,56316.87061411324,56226.30254497069,0.5,0.2
2025-02-06,56659.396497301044,56730.227466536766,0.5,0.2
2025-02-07,21384.07671964612,21501.11185720577,0.4,0.2
2025-02-08,23324.09070423773,23627.775087506616,0.8,0.0
2025-02-09,55332.90547769115,54864.94981815084,1.0,0.0
2025-02-10,52887.448452907825,52696.55494850166,0.8,0.0
2025-02-11,57037.01494273255,56689.067463476575,0.8,0.4
2025-02-12,54717.574604186564,54717.57460418656,0.0,0.0
2025-02-13,50246.01898568264,50253.26982171089,0.2,0.0
2025-02-14,20189.353767656536,19724.50437746913,1.0,0.5
2025-02-15,20353.566141692427,20241.42965714761,1.0,0.5
2025-02-16,59323.588278980606,59927.63753117976,0.2,0.0
2025-02-17,52475.88393827443,52455.5565872551,0.8,0.0
2025-02-18,50703.0528113803,49461.626178557504,0.8,0.0
2025-02-19,51232.07846910016,51372.100930386536,0.5,0.2
2025-02-20,51204.37621486061,50841.10359922407,0.6,0.2
2025-02-21,19847.531231155837,19725.27162849779,0.4,0.2
2025-02-22,19056.918116899626,19065.127215332417,0.6,0.4
2025-02-23,50996.309748818734,50977.86664861711,0.6,0.4
2025-02-24,49821.41911849029,49734.4266287868,0.0,0.4
2025-02-25,49345.933869373905,49345.93386937391,0.4,0.4
2025-02-26,47919.868904133684,48066.330386236885,0.0,0.5
2025-02-27,48114.27053231704,47732.327507284135,0.0,0.5
2025-02-28,19123.326212373773,19120.676864691628,0.6,0.5
2025-03-01,18229.071134946233,18461.40746608018,1.0,0.2
2025-03-02,49442.300059584566,49135.408867777536,1.0,0.2
2025-03-03,56057.84412912455,56088.9883265834,0.6,0.8
2025-03-04,51003.557465634214,51003.55746563421,0.2,0.2
2025-03-05,50283.21721682062,50112.49574583167,0.5,0.8
2025-03-06,47488.74078832558,47517.8910845259,0.5,0.8
2025-03-07,17914.20256176901,17665.623440698764,0.5,0.8
2025-03-08,17219.971515059093,17205.114840925897,0.0,0.2
2025-03-09,48577.58566753726,48846.81287979016,0.0,0.2
2025-03-10,49300.92499030515,49082.56548060861,0.0,0.4
2025-03-11,45226.042095256525,45435.11083933558,0.4,0.0
2025-03-12,47896.26187339789,48139.74383177334,0.4,0.0
2025-03-13,46254.64286748016,47496.412983729126,0.4,0.0
2025-03-14,15679.981927600502,17158.69829299772,0.6,0.0
2025-03-15,16392.565278672548,16620.219720983998,0.6,0.0
2025-03-16,43318.61529717988,42699.0687606858,0.6,0.0
2025-03-17,46391.772338139104,45837.72313453637,0.6,0.0
2025-03-18,40267.531025655924,43641.98700698271,0.6,0.0
2025-03-19,41430.8494838597,41619.91549687883,0.6,0.0
2025-03-20,52017.766615970744,54442.695825596085,0.6,0.0
2025-03-21,16474.142667267464,16475.875652224302,0.6,0.0
2025-03-22,15854.617931786192,15765.513692877354,0.6,0.0
2025-03-23,41356.51830719012,40738.28124513842,0.6,0.0
2025-03-24,40874.523038111285,40651.91176953851,0.5,0.0
2025-03-25,46849.978259160416,46104.65377771145,0.5,0.0
2025-03-26,39486.55356401507,39486.55356401507,0.0,0.0
2025-03-27,40907.55235705552,40907.55235705552,0.0,0.0
2025-03-28,15680.795779735128,15680.795779735128,0.0,0.0
2025-03-29,16296.820138384857,16296.820138384855,0.0,0.0
2025-03-30,43453.670961559656,43453.670961559656,0.0,0.0
2025-03-31,38301.76834018368,38301.76834018368,0.0,0.0
2025-04-01,40448.84100341026,40448.84100341026,0.0,0.0
2025-04-02,42692.54290285706,42830.54523967312,0.4,0.0
2025-04-03,40748.638174585845,40711.43797247885,0.2,0.0
2025-04-04,14358.952446790996,14367.347538425132,0.2,0.0
2025-04-05,15670.36721857175,15705.765090358964,0.2,0.0
2025-04-06,36364.61472754571,36493.78506473744,0.2,0.0
2025-04-07,35015.58811880344,35311.55747599164,0.2,0.0
2025-04-08,41180.28485471794,41165.48967660048,0.5,0.0
2025-04-09,39837.973386874444,40482.096844502186,0.2,0.0
2025-04-10,39979.80391440304,40131.4159581572,0.4,0.0
2025-04-11,15468.9451743916,15571.323367947583,0.4,0.0
2025-04-12,14674.56825308712,14698.02527707784,0.4,0.0
2025-04-13,40332.29256693134,40187.018444637695,0.4,0.0
2025-04-14,41879.04072214944,41800.76780629569,0.4,0.0
2025-04-15,37903.5062115146,37672.12117074888,0.5,0.8
2025-04-16,37357.5046416676,37372.55655733749,0.8,0.0
2025-04-17,38456.41629762357,38303.112312803016,0.6,0.0
2025-04-18,13874.011129127659,13840.833016023684,0.5,0.8
2025-04-19,13073.0423916773,13109.296661678864,0.5,0.8
2025-04-20,35486.528633852206,35694.3239145069,0.5,0.8
2025-04-21,35621.982625476354,35501.95047327161,0.4,0.8
2025-04-22,35258.173700564985,34832.75682113298,0.4,0.8
2025-04-23,35381.30855991125,35126.38275085565,0.4,0.8
2025-04-24,32887.90100868055,32623.41908218702,0.4,0.8
2025-04-25,13137.897982914623,13114.144058713711,0.6,0.5
2025-04-26,13200.96037097632,13200.96037097632,0.5,0.5
2025-04-27,35377.89994538372,35193.79266466977,0.6,0.5
2025-04-28,37057.260977771,37022.187943340745,0.4,0.5
2025-04-29,35281.99558605982,34969.284276203434,0.4,0.5
2025-04-30,33624.062330458524,33918.35728109504,0.6,0.5
2025-05-01,36690.72261152552,36657.43848485357,0.6,0.8
2025-05-02,15902.891941143545,16115.637496785585,0.6,0.8
2025-05-03,15268.386533992194,15273.303326903038,0.6,0.8
2025-05-04,38881.48336369615,38826.515863328765,0.6,0.8
2025-05-05,37109.65952959341,37071.78940850786,0.6,0.8
2025-05-06,38244.79699482111,39293.46535753053,0.6,1.0
2025-05-07,37738.11062136837,38214.66869994088,0.4,0.8
2025-05-08,38665.86436416038,38689.38558940504,0.4,0.8
2025-05-09,15111.89231129664,15244.349852762316,0.4,0.8
2025-05-10,15091.310309707775,15112.934430741909,0.4,0.8
2025-05-11,37221.73775733858,37158.67934374832,0.4,0.8
2025-05-12,37503.6313544286,36830.45202164962,0.4,0.8
2025-05-13,36101.466710066765,35739.58354615392,0.5,0.2
2025-05-14,36059.17894581696,36042.59261654397,0.5,0.2
2025-05-15,36913.78356520665,36555.47751337177,0.8,0.2
2025-05-16,14747.565714233742,14788.155519992491,0.6,0.5
2025-05-17,15561.311429700327,15578.63639977008,0.6,0.5
2025-05-18,35821.765935255564,35760.56897955587,0.6,0.5
2025-05-19,34032.97602354079,34001.16050444603,0.6,0.5
2025-05-20,39089.95724948495,38929.26476427357,0.2,0.5
2025-05-21,36024.72589973527,36024.72589973527,0.5,0.5
2025-05-22,34205.72678487332,34152.371273908495,0.4,0.5
2025-05-23,14955.120877820029,14964.704911936904,0.4,0.5
2025-05-24,14378.53292230182,14361.871004530562,0.4,0.5
2025-05-25,35212.78735459904,35169.52943069328,0.4,0.5
2025-05-26,37968.96352047278,37968.96352047278,0.5,0.5
2025-05-27,33927.018203242515,34131.62619112412,0.8,0.6
2025-05-28,35120.67136000369,34896.18083091621,0.8,0.5
2025-05-29,38018.657167281664,38081.93422908972,0.8,0.6
2025-05-30,14550.546921583735,14433.362149170156,0.8,0.4
2025-05-31,14939.747249565715,14911.722393667456,0.8,0.5
2025-06-01,49251.724940929096,51253.26787102477,0.8,0.5
2025-06-02,49128.72628065889,49104.37472871004,0.8,0.4
2025-06-03,48005.14071269929,47810.588892802974,1.0,0.2
2025-06-04,48842.378355253044,48290.40333160268,0.8,0.2
2025-06-05,47816.7902745182,47778.484364529686,0.6,0.2
2025-06-06,23091.2946901151,23319.510783886035,0.6,0.2
2025-06-07,21729.82248281134,21676.089783411557,0.6,0.2
2025-06-08,46663.371686603,46424.319789100926,0.6,0.2
2025-06-09,48243.56866736255,48498.21131672598,0.0,0.2
2025-06-10,48264.04891041836,48281.22055322927,0.0,0.5
2025-06-11,53252.893626064586,53382.27522323856,0.0,0.4
2025-06-12,50549.53342408837,50652.86368833413,0.5,0.8
2025-06-13,20291.93525980075,20315.123349442263,0.4,0.8
2025-06-14,21779.956756816304,21707.079132286708,0.4,0.8
2025-06-15,47688.43834160626,47539.4491279654,0.6,0.8
2025-06-16,52945.56107330791,52734.49178409971,0.6,0.8
2025-06-17,53662.09396641913,52411.143165350295,0.6,0.4
2025-06-18,48322.36952968937,48566.91641520359,0.5,1.0
2025-06-19,47996.21483940367,48152.18176828224,0.5,1.0
2025-06-20,19196.851441584073,19183.72669146896,0.4,1.0
2025-06-21,19918.471863254414,18840.63926995412,0.4,1.0
2025-06-22,48925.07086699954,48929.45178299255,0.4,0.5
2025-06-23,46608.86758724046,46193.08877781537,0.4,0.5
2025-06-24,54736.672337561286,54319.02459048319,0.4,0.5
2025-06-25,48095.4245979303,47046.24198057728,1.0,0.5
2025-06-26,46126.37280846915,46267.38704243629,1.0,0.5
2025-06-27,19713.692881799794,19513.23030577066,1.0,0.4
2025-06-28,19418.464605873505,19439.260526016715,1.0,0.4
2025-06-29,47596.18800366935,47003.209279253584,1.0,0.4
2025-06-30,46691.71677477673,46978.77391376531,1.0,0.4
2025-07-01,56366.75336556397,54872.57372283326,1.0,0.2
2025-07-02,53807.71914374958,53807.71914374958,0.5,0.5
2025-07-03,54658.560207688286,54800.90887247009,1.0,0.8
2025-07-04,27027.107808680175,27174.450848263903,1.0,0.8
2025-07-05,26350.59432719365,26296.906138352817,1.0,0.8
2025-07-06,57170.868965570015,57117.04109557591,1.0,0.8
2025-07-07,50900.90786985719,50928.01299783791,1.0,0.8
2025-07-08,54204.48941121966,54355.41983534439,1.0,0.8
2025-07-09,52908.58461242596,52908.58461242596,1.0,1.0
2025-07-10,52786.12704092063,52649.46130517023,1.0,0.8
2025-07-11,25322.096849592897,25268.83307539264,0.6,0.6
2025-07-12,28128.633376214613,27970.70868574483,0.6,0.8
2025-07-13,53141.67154119308,53446.80102172051,0.8,0.8
2025-07-14,50287.92580841038,50886.89567808849,1.0,0.8
2025-07-15,55656.46342086871,57512.755123421855,0.8,0.2
2025-07-16,50723.87927658114,50610.25151505688,0.8,0.0
2025-07-17,52842.15143390196,52705.46593790874,0.8,0.0
2025-07-18,26506.33532490412,26497.343825942964,1.0,0.0
2025-07-19,25047.11302704732,25109.46778502207,1.0,0.0
2025-07-20,48790.330278144305,48790.33027814431,0.0,0.0
2025-07-21,51210.384538809,51210.384538809,0.0,0.0
2025-07-22,52299.40921919041,52299.40921919041,0.0,0.0
2025-07-23,57343.81752265488,56629.56090145057,0.0,0.5
2025-07-24,51285.45780646659,50341.379502157804,0.4,0.2
2025-07-25,24712.869487666656,24712.869487666656,0.4,0.4
2025-07-26,25002.4169037534,25002.4169037534,0.4,0.4
2025-07-27,53012.20217319865,53012.20217319865,0.4,0.4
2025-07-28,55865.3679133804,55865.3679133804,0.4,0.4
2025-07-29,51403.44704787488,51403.44704787488,0.4,0.4
2025-07-30,50632.01844673999,51240.60795921531,1.0,0.2
2025-07-31,53230.11400369859,52539.54843427756,0.8,0.2
2025-08-01,24221.546728069974,24321.70208713059,0.4,0.0
2025-08-02,23385.277970823143,23619.77932902152,0.4,0.0
2025-08-03,47043.441152129315,47020.61746932037,0.4,0.0
2025-08-04,48789.53826336286,48949.90649229432,0.8,0.2
2025-08-05,46705.911603138,46690.167179364136,0.8,0.2
2025-08-06,48997.54743734072,47465.94249393434,1.0,0.2
2025-08-07,46167.449868788724,46198.29389444698,0.5,0.6
2025-08-08,23395.745744848067,23395.745744848067,0.6,0.6
2025-08-09,22908.2530364499,22908.2530364499,0.6,0.6
2025-08-10,45128.857794681855,45387.03564603617,0.5,0.6
2025-08-11,45906.56143136358,46033.5643527435,0.2,0.6
2025-08-12,48487.45511307227,47344.75992109261,0.0,0.5
2025-08-13,45332.04126746471,45072.1086457333,0.4,0.6
2025-08-14,46484.815088876305,46460.46877032973,0.4,0.6
2025-08-15,24251.982208614732,24207.56016564609,0.4,0.6
2025-08-16,24019.185342912042,23885.847079602925,0.4,0.6
2025-08-17,45303.175980943735,45224.60957403725,0.4,0.6
2025-08-18,44211.46407081093,44183.73974757746,0.4,0.2
2025-08-19,45582.936228286024,45599.96971852913,0.4,0.5
2025-08-20,56303.89786481841,55582.54455886883,0.2,0.5
2025-08-21,47277.31032884397,47020.88053375784,0.8,0.0
2025-08-22,25528.740081005406,25808.2670132662,0.8,0.0
2025-08-23,24040.429451936943,23993.75404333487,0.8,0.0
2025-08-24,45277.64992317526,45634.84159747141,0.8,0.0
2025-08-25,52753.92612725946,53826.36199433381,1.0,0.0
2025-08-26,46010.911825448464,46408.90570910976,1.0,0.0
2025-08-27,49605.4636007275,49585.08061514698,1.0,0.0
2025-08-28,49270.43979160823,50136.97003789,0.8,0.2
2025-08-29,23865.680000980017,24131.277619194407,0.8,0.2
2025-08-30,24407.122371915408,24513.82239519112,0.8,0.2
2025-08-31,52795.823246958,52374.86402631425,0.8,0.2
2025-09-01,38812.28225841229,37480.648309413824,0.8,0.2
2025-09-02,39799.635349012344,39746.59559080107,0.6,0.2
2025-09-03,40662.15416670509,40652.43757417244,0.4,0.2
2025-09-04,40378.34689656149,40541.46831384153,0.2,0.6
2025-09-05,19645.475573742595,19670.243177735305,0.2,0.6
2025-09-06,19141.36781524894,19538.11207431113,0.2,0.6
2025-09-07,39268.91587860468,39446.80386000778,0.2,0.6
2025-09-08,42199.379281988586,42655.81761464778,0.2,0.6
2025-09-09,40753.18061762269,40189.23692803471,0.2,0.6
2025-09-10,47097.78976293502,46287.30082558286,0.4,1.0
2025-09-11,41555.9985161062,41560.44331422935,0.5,0.2
2025-09-12,17653.639310884544,17715.125227788758,0.6,0.0
2025-09-13,20062.27333156196,19934.606223512452,0.5,0.2
2025-09-14,41086.670754596795,41611.487165163926,0.6,0.0
2025-09-15,40128.6601059866,39634.92161604566,0.5,0.2
2025-09-16,43159.26745381474,43154.11235707394,0.5,0.2
2025-09-17,46166.57488260654,46416.72074599972,0.6,0.0
2025-09-18,42620.77614585981,41765.553370058486,0.5,0.2
2025-09-19,19372.772979176054,19376.82010650385,0.2,0.2
2025-09-20,20372.044010427333,20361.867612276623,0.2,0.2
2025-09-21,41492.754222399984,41471.61459285224,0.2,0.2
2025-09-22,47267.63920212505,46756.481999502124,0.2,0.4
2025-09-23,44828.85650635946,44981.37085660163,0.2,0.0
2025-09-24,49444.38062186529,47976.1637098455,0.6,0.0
2025-09-25,43321.8840469031,43511.06535429457,0.6,0.4
2025-09-26,19896.88589246644,19915.596611021265,0.6,0.4
2025-09-27,20763.547438079604,20868.240661367818,0.6,0.4
2025-09-28,44501.429510704176,45346.08355633818,0.6,0.4
2025-09-29,53330.7184622825,53150.61979722468,0.6,0.4
2025-09-30,48041.79849980535,47838.64450674997,0.6,0.4
2025-10-01,38306.01772299473,38064.55121328696,0.2,0.4
2025-10-02,41176.52051202412,41210.95003021667,0.2,0.4
2025-10-03,16326.574201254343,16283.159031130872,0.2,0.4
2025-10-04,17939.46391847166,17756.86587956375,0.2,0.4
2025-10-05,40255.62873146493,40498.51373175543,0.2,0.4
2025-10-06,43107.83443759187,43621.20964832872,0.2,0.8
2025-10-07,41913.067934026156,41529.65176818804,0.0,0.8
2025-10-08,46914.6415933289,47498.31836834714,0.4,0.0
2025-10-09,45862.08782924492,45938.82739165024,0.5,1.0
2025-10-10,18598.168784808222,18470.617234797377,0.5,1.0
2025-10-11,17940.849828298848,17933.69859239211,0.4,1.0
2025-10-12,44434.45675316421,42828.5603357943,0.0,1.0
2025-10-13,45671.30801537332,46211.7709512298,1.0,0.0
2025-10-14,48557.10235892865,50380.51525398242,1.0,0.0
2025-10-15,46978.980870001884,46649.01201000941,1.0,0.0
2025-10-16,45804.80260842804,46441.57326799095,0.8,0.0
2025-10-17,18235.27933320064,17042.51080007839,0.8,0.0
2025-10-18,18637.41651738004,18505.36362721526,0.8,0.0
2025-10-19,45644.061257343536,46638.820628682166,0.8,0.0
2025-10-20,46049.66090779983,46966.12006957425,0.5,0.2
2025-10-21,45892.00488739049,45142.48669900751,0.5,0.2
2025-10-22,49784.01437793208,49942.186721718565,0.5,0.2
2025-10-23,50433.22256352764,50084.44317732306,0.6,0.4
2025-10-24,18296.757227501374,18502.717346899262,0.5,0.2
2025-10-25,20520.849454936302,20439.80948966477,0.6,0.0
2025-10-26,50065.63572558176,49939.372789464745,0.6,0.4
2025-10-27,45781.85815572335,45634.0533621549,0.6,0.4
2025-10-28,46916.050896783374,46468.94727022399,0.2,0.4
2025-10-29,47512.10060985674,48503.94996431295,0.5,0.0
2025-10-30,51478.96574084796,50691.76333549948,0.8,0.0
2025-10-31,19411.504797881105,19423.727464086824,1.0,0.2
2025-11-01,18999.381340199427,18974.92577835756,1.0,0.2
2025-11-02,48252.81505958292,48122.53825420251,0.5,0.0
2025-11-03,48078.82277446501,48350.120086185874,0.5,0.0
2025-11-04,48903.46355833482,48786.30065833464,0.4,0.0
2025-11-05,51964.80230299757,51821.2050359658,0.8,0.6
2025-11-06,48749.18423799369,49219.5247722875,0.4,0.0
2025-11-07,19726.297953121415,19713.66567966591,0.4,0.0
2025-11-08,19567.74538315872,19512.80604277108,0.4,0.0
2025-11-09,49879.56532516447,49857.66625810429,0.4,0.0
2025-11-10,51860.9526462324,51794.74640504204,0.4,0.0
2025-11-11,50416.557163372934,49797.76426709887,0.8,0.0
2025-11-12,51934.26308039563,52115.62917393199,0.4,0.0
2025-11-13,49667.126680064655,49747.50392504044,0.6,0.0
2025-11-14,20193.974548770857,20254.04461186434,0.2,0.0
2025-11-15,20103.46794068157,20141.188426815173,0.2,0.0
2025-11-16,53873.898939784274,53879.50834958156,0.2,0.0
2025-11-17,50133.87429267933,50563.01109470589,0.5,0.0
2025-11-18,52700.95124747552,53017.15883783493,0.4,0.0
2025-11-19,53154.71751540277,53096.41000254655,0.5,0.0
2025-11-20,51767.630293815615,52032.32614432554,0.5,0.0
2025-11-21,19945.14311938802,19962.472673437143,0.5,0.0
2025-11-22,20710.641500463746,20944.381090166728,0.5,0.0
2025-11-23,54058.922433533786,54836.67253408405,0.5,0.0
2025-11-24,51119.82796077084,51534.895924135286,0.5,0.0
2025-11-25,51992.393782484556,51593.01264897647,0.6,0.2
2025-11-26,53033.1051069077,53300.78652363042,0.6,0.2
2025-11-27,54881.62651573578,54749.77113428429,0.8,0.2
2025-11-28,21076.267172693533,21233.192780400284,0.6,0.2
2025-11-29,23313.108091992377,23600.083199663703,0.8,0.2
2025-11-30,55420.738691672406,55887.13805525393,0.8,0.2
2025-12-01,59700.8315735031,59853.65173753341,0.8,0.2
2025-12-02,61558.78962178401,61839.8895168764,0.8,0.2
2025-12-03,60600.52201861758,61519.815879499336,0.8,0.2
2025-12-04,60425.76972039379,61090.099066564,0.8,0.0
2025-12-05,25349.15887642561,25815.985678767065,0.8,0.0
2025-12-06,25875.803307423088,26087.59532391485,0.8,0.0
2025-12-07,61366.72191762733,61793.53460472581,0.8,0.0
2025-12-08,60724.69258435511,61029.3926764718,0.6,0.0
2025-12-09,60845.84735689842,60677.83766926526,0.6,0.0
2025-12-10,60264.386933957554,60220.26657953562,0.5,0.0
2025-12-11,60190.194384346185,60194.97182131981,0.5,0.2
2025-12-12,26845.835477521337,27479.944812846625,0.5,0.4
2025-12-13,28883.359073607608,28951.103333874104,0.5,0.2
2025-12-14,62178.05409215822,62230.55338636219,0.5,0.2
2025-12-15,62029.311006062446,61561.88263114204,0.5,0.2
2025-12-16,62048.87693264081,62180.33419282272,0.6,0.4
2025-12-17,60888.60442758644,60717.38546791175,0.6,0.4
2025-12-18,60338.459377852196,60754.61674793205,1.0,0.4
2025-12-19,26612.693738151356,26620.639893456348,1.0,0.4
2025-12-20,25422.6098388814,26289.711638978508,1.0,0.5
2025-12-21,61285.58027564605,61124.2228011086,1.0,0.5
2025-12-22,60927.059604895,60750.49628434842,1.0,0.5
2025-12-23,60774.18334243072,60407.26750493983,0.8,0.2
2025-12-24,60672.698538688885,60557.31899951469,0.8,0.2
2025-12-25,61759.83565871254,61283.42530823932,1.0,0.5
2025-12-26,26653.21166227358,26717.022703430503,0.8,0.2
2025-12-27,25460.47218640784,25453.15096035643,0.8,0.8
2025-12-28,60071.754425795014,60116.113304807724,0.4,0.0
2025-12-29,60694.183053286986,59877.79617090721,0.4,0.8
2025-12-30,61345.947671457725,61348.24883304561,0.2,0.0
2025-12-31,60927.01355275134,60951.1097129002,0.4,0.0
