配置,总费用/万元,族
网格 W=1,1514.8,窗口/EWMA
网格 W=2,1540.2,窗口/EWMA
网格 W=3,1490.7,窗口/EWMA
网格 W=4,1484.1,窗口/EWMA
网格 W=5,1474.9,窗口/EWMA
网格 W=6,1472.0,窗口/EWMA
网格 W=7,1467.4,窗口/EWMA
网格 W=8,1468.0,窗口/EWMA
网格 W=10,1473.4,窗口/EWMA
网格 W=12,1471.6,窗口/EWMA
网格 W=14,1469.3,窗口/EWMA
网格 W=16,1467.5,窗口/EWMA
网格 W=18,1472.5,窗口/EWMA
网格 W=21,1470.1,窗口/EWMA
网格 W=25,1469.3,窗口/EWMA
网格 W=28,1465.1,窗口/EWMA
网格 W=30,1463.7,窗口/EWMA
网格 W=32,1466.0,窗口/EWMA
网格 W=35,1470.9,窗口/EWMA
网格 W=45,1474.9,窗口/EWMA
网格 W=60,1485.5,窗口/EWMA
网格 W=90,1498.3,窗口/EWMA
网格 W=120,1521.2,窗口/EWMA
网格 W=180,1552.9,窗口/EWMA
网格 W=240,1569.1,窗口/EWMA
网格 W=300,1556.1,窗口/EWMA
EWMA h=0.5,1498.2,窗口/EWMA
EWMA h=1,1478.6,窗口/EWMA
EWMA h=2,1469.9,窗口/EWMA
EWMA h=3,1465.8,窗口/EWMA
EWMA h=4,1463.8,窗口/EWMA
EWMA h=5,1459.8,窗口/EWMA
EWMA h=6,1462.4,窗口/EWMA
EWMA h=7,1463.3,窗口/EWMA
EWMA h=10,1466.1,窗口/EWMA
EWMA h=14,1468.2,窗口/EWMA
EWMA h=21,1476.8,窗口/EWMA
EWMA h=30,1496.0,窗口/EWMA
EWMA h=60,1534.5,窗口/EWMA
EWMA h=120,1557.1,窗口/EWMA
历史均值,1610.0,窗口/EWMA
W7 全局裕度 m=0,1467.4,裕度
W7 全局裕度 m=50,1447.6,裕度
W7 全局裕度 m=100,1433.9,裕度
W7 全局裕度 m=150,1424.5,裕度
W7 全局裕度 m=200,1419.7,裕度
W7 全局裕度 m=250,1419.3,裕度
W7 全局裕度 m=300,1422.2,裕度
W7 全局裕度 m=350,1426.3,裕度
W7 全局裕度 m=400,1432.3,裕度
W7 全局裕度 m=450,1439.2,裕度
W7 全局裕度 m=500,1447.6,裕度
W7 小时裕度 γ=0.5,1430.7,裕度
W7 小时裕度 γ=0.75,1422.0,裕度
W7 小时裕度 γ=1.0,1420.0,裕度
W7 小时裕度 γ=1.25,1422.4,裕度
W7 小时裕度 γ=1.5,1428.2,裕度
W7 时段裕度 γ=0.75,1422.2,裕度
W7 时段裕度 γ=1.0,1420.1,裕度
W7 时段裕度 γ=1.25,1422.4,裕度
W7 月裕度 γ=1,1420.0,裕度
W7 比例裕度 ρ=0.02,1441.7,裕度
W7 比例裕度 ρ=0.04,1427.2,裕度
W7 比例裕度 ρ=0.06,1424.4,裕度
W7 比例裕度 ρ=0.08,1428.4,裕度
W7 比例裕度 ρ=0.12,1453.3,裕度
W7 负荷抬升 κ=1.005,1446.6,裕度
W7 负荷抬升 κ=1.01,1430.7,裕度
W7 负荷抬升 κ=1.015,1420.0,裕度
W7 负荷抬升 κ=1.02,1413.0,裕度
W30 全局裕度 m=0,1463.7,裕度
W30 全局裕度 m=50,1446.3,裕度
W30 全局裕度 m=100,1434.8,裕度
W30 全局裕度 m=150,1428.1,裕度
W30 全局裕度 m=200,1425.6,裕度
W30 全局裕度 m=250,1427.0,裕度
W30 全局裕度 m=300,1430.6,裕度
W30 全局裕度 m=350,1435.9,裕度
W30 全局裕度 m=400,1442.7,裕度
W30 全局裕度 m=450,1450.2,裕度
W30 全局裕度 m=500,1459.1,裕度
W30 小时裕度 γ=0.5,1435.8,裕度
W30 小时裕度 γ=0.75,1430.2,裕度
W30 小时裕度 γ=1.0,1428.6,裕度
W30 小时裕度 γ=1.25,1430.1,裕度
W30 小时裕度 γ=1.5,1434.0,裕度
W30 时段裕度 γ=0.75,1430.6,裕度
W30 时段裕度 γ=1.0,1428.7,裕度
W30 时段裕度 γ=1.25,1430.3,裕度
W30 月裕度 γ=1,1419.4,裕度
W30 比例裕度 ρ=0.02,1442.4,裕度
W30 比例裕度 ρ=0.04,1433.9,裕度
W30 比例裕度 ρ=0.06,1434.3,裕度
W30 比例裕度 ρ=0.08,1439.9,裕度
W30 比例裕度 ρ=0.12,1466.1,裕度
W30 负荷抬升 κ=1.005,1445.4,裕度
W30 负荷抬升 κ=1.01,1431.6,裕度
W30 负荷抬升 κ=1.015,1422.9,裕度
W30 负荷抬升 κ=1.02,1418.5,裕度
EWMA h=5 全局裕度 m=0,1459.8,裕度
EWMA h=5 全局裕度 m=50,1440.7,裕度
EWMA h=5 全局裕度 m=100,1428.2,裕度
EWMA h=5 全局裕度 m=150,1420.4,裕度
EWMA h=5 全局裕度 m=200,1416.6,裕度
EWMA h=5 全局裕度 m=250,1417.3,裕度
EWMA h=5 全局裕度 m=300,1421.1,裕度
EWMA h=5 全局裕度 m=350,1426.8,裕度
EWMA h=5 全局裕度 m=400,1433.9,裕度
EWMA h=5 全局裕度 m=450,1441.6,裕度
EWMA h=5 全局裕度 m=500,1450.4,裕度
EWMA h=5 小时裕度 γ=0.5,1427.0,裕度
EWMA h=5 小时裕度 γ=0.75,1420.3,裕度
EWMA h=5 小时裕度 γ=1.0,1418.6,裕度
EWMA h=5 小时裕度 γ=1.25,1421.1,裕度
EWMA h=5 小时裕度 γ=1.5,1427.4,裕度
EWMA h=5 时段裕度 γ=0.75,1420.7,裕度
EWMA h=5 时段裕度 γ=1.0,1419.0,裕度
EWMA h=5 时段裕度 γ=1.25,1421.3,裕度
EWMA h=5 月裕度 γ=1,1416.5,裕度
EWMA h=5 比例裕度 ρ=0.02,1435.7,裕度
EWMA h=5 比例裕度 ρ=0.04,1423.9,裕度
EWMA h=5 比例裕度 ρ=0.06,1422.7,裕度
EWMA h=5 比例裕度 ρ=0.08,1429.0,裕度
EWMA h=5 比例裕度 ρ=0.12,1455.9,裕度
EWMA h=5 负荷抬升 κ=1.005,1439.5,裕度
EWMA h=5 负荷抬升 κ=1.01,1424.7,裕度
EWMA h=5 负荷抬升 κ=1.015,1415.0,裕度
EWMA h=5 负荷抬升 κ=1.02,1409.5,裕度
"W7 仿射裕度 a=0.5, b=50.0",1421.9,裕度
"W7 仿射裕度 a=0.5, b=100.0",1418.8,裕度
"W7 仿射裕度 a=0.5, b=150.0",1419.6,裕度
"W7 仿射裕度 a=0.75, b=50.0",1419.3,裕度
"W7 仿射裕度 a=0.75, b=100.0",1420.0,裕度
"W7 仿射裕度 a=0.75, b=150.0",1423.5,裕度
"W7 仿射裕度 a=1.0, b=50.0",1420.8,裕度
"W7 仿射裕度 a=1.0, b=100.0",1424.6,裕度
"W7 仿射裕度 a=1.0, b=150.0",1430.4,裕度
"W7 仿射裕度 a=1.25, b=50.0",1426.2,裕度
"W7 仿射裕度 a=1.25, b=100.0",1432.0,裕度
"W7 仿射裕度 a=1.25, b=150.0",1439.7,裕度
"W7 风险 λ=0.25, W=7",1468.6,风险/收缩
"W7 风险 λ=0.25, W=21",1466.3,风险/收缩
"W7 风险 λ=0.25, W=30",1462.3,风险/收缩
"W7 风险 λ=0.5, W=7",1467.7,风险/收缩
"W7 风险 λ=0.5, W=21",1468.5,风险/收缩
"W7 风险 λ=0.5, W=30",1464.8,风险/收缩
"W7 风险 λ=0.75, W=7",1473.9,风险/收缩
"W7 风险 λ=0.75, W=21",1471.7,风险/收缩
"W7 风险 λ=0.75, W=30",1471.4,风险/收缩
"W7 风险 λ=1.0, W=7",1483.3,风险/收缩
"W7 风险 λ=1.0, W=21",1485.5,风险/收缩
"W7 风险 λ=1.0, W=30",1472.5,风险/收缩
W7 收缩 α=0.05,1473.9,风险/收缩
W7 收缩 α=0.1,1483.1,风险/收缩
W7 收缩 α=0.2,1509.5,风险/收缩
W7 收缩 α=0.35,1558.5,风险/收缩
"W30 风险 λ=0.25, W=7",1468.6,风险/收缩
"W30 风险 λ=0.25, W=21",1466.3,风险/收缩
"W30 风险 λ=0.25, W=30",1462.3,风险/收缩
"W30 风险 λ=0.5, W=7",1467.7,风险/收缩
"W30 风险 λ=0.5, W=21",1468.5,风险/收缩
"W30 风险 λ=0.5, W=30",1464.8,风险/收缩
"W30 风险 λ=0.75, W=7",1473.9,风险/收缩
"W30 风险 λ=0.75, W=21",1471.7,风险/收缩
"W30 风险 λ=0.75, W=30",1471.4,风险/收缩
"W30 风险 λ=1.0, W=7",1483.3,风险/收缩
"W30 风险 λ=1.0, W=21",1485.5,风险/收缩
"W30 风险 λ=1.0, W=30",1472.5,风险/收缩
W30 收缩 α=0.05,1468.8,风险/收缩
W30 收缩 α=0.1,1476.6,风险/收缩
W30 收缩 α=0.2,1499.2,风险/收缩
W30 收缩 α=0.35,1544.2,风险/收缩
"EWMA h=5 风险 λ=0.25, W=7",1468.6,风险/收缩
"EWMA h=5 风险 λ=0.25, W=21",1466.3,风险/收缩
"EWMA h=5 风险 λ=0.25, W=30",1462.3,风险/收缩
"EWMA h=5 风险 λ=0.5, W=7",1467.7,风险/收缩
"EWMA h=5 风险 λ=0.5, W=21",1468.5,风险/收缩
"EWMA h=5 风险 λ=0.5, W=30",1464.8,风险/收缩
"EWMA h=5 风险 λ=0.75, W=7",1473.9,风险/收缩
"EWMA h=5 风险 λ=0.75, W=21",1471.7,风险/收缩
"EWMA h=5 风险 λ=0.75, W=30",1471.4,风险/收缩
"EWMA h=5 风险 λ=1.0, W=7",1483.3,风险/收缩
"EWMA h=5 风险 λ=1.0, W=21",1485.5,风险/收缩
"EWMA h=5 风险 λ=1.0, W=30",1472.5,风险/收缩
EWMA h=5 收缩 α=0.05,1465.9,风险/收缩
EWMA h=5 收缩 α=0.1,1474.4,风险/收缩
EWMA h=5 收缩 α=0.2,1499.0,风险/收缩
EWMA h=5 收缩 α=0.35,1548.2,风险/收缩
W7 κ=1.015,1420.0,精扫
W7 κ=1.02,1413.0,精扫
W7 κ=1.025,1410.2,精扫
W7 κ=1.03,1410.5,精扫
W7 κ=1.035,1412.9,精扫
W7 κ=1.04,1417.1,精扫
W7 κ=1.015+m=50,1412.0,精扫
W7 κ=1.015+m=100,1409.3,精扫
W7 κ=1.015+m=150,1410.3,精扫
W7 κ=1.02+m=50,1409.2,精扫
W7 κ=1.02+m=100,1409.4,精扫
W7 κ=1.02+m=150,1413.1,精扫
W7 κ=1.025+m=50,1409.6,精扫
W7 κ=1.025+m=100,1412.5,精扫
W7 κ=1.025+m=150,1417.2,精扫
W7 κ=1.02+小时裕度γ=0.5,1409.9,精扫
W7 κ=1.02+小时裕度γ=0.75,1414.2,精扫
W7 动态κ(60天q80),1419.4,精扫
W30 κ=1.015,1422.9,精扫
W30 κ=1.02,1418.5,精扫
W30 κ=1.025,1418.1,精扫
W30 κ=1.03,1420.1,精扫
W30 κ=1.035,1424.7,精扫
W30 κ=1.04,1430.5,精扫
W30 κ=1.015+m=50,1417.9,精扫
W30 κ=1.015+m=100,1417.3,精扫
W30 κ=1.015+m=150,1420.4,精扫
W30 κ=1.02+m=50,1417.2,精扫
W30 κ=1.02+m=100,1419.7,精扫
W30 κ=1.02+m=150,1424.5,精扫
W30 κ=1.025+m=50,1419.5,精扫
W30 κ=1.025+m=100,1424.3,精扫
W30 κ=1.025+m=150,1430.0,精扫
W30 κ=1.02+小时裕度γ=0.5,1419.7,精扫
W30 κ=1.02+小时裕度γ=0.75,1424.4,精扫
W30 动态κ(60天q80),1425.9,精扫
EWMA h=5 κ=1.015,1415.0,精扫
EWMA h=5 κ=1.02,1409.5,精扫
EWMA h=5 κ=1.025,1407.6,精扫
EWMA h=5 κ=1.03,1408.3,精扫
EWMA h=5 κ=1.035,1411.9,精扫
EWMA h=5 κ=1.04,1417.4,精扫
EWMA h=5 κ=1.015+m=50,1408.7,精扫
EWMA h=5 κ=1.015+m=100,1406.8,精扫
EWMA h=5 κ=1.015+m=150,1409.2,精扫
EWMA h=5 κ=1.02+m=50,1406.6,精扫
EWMA h=5 κ=1.02+m=100,1408.0,精扫
EWMA h=5 κ=1.02+m=150,1412.8,精扫
EWMA h=5 κ=1.025+m=50,1407.8,精扫
EWMA h=5 κ=1.025+m=100,1412.1,精扫
EWMA h=5 κ=1.025+m=150,1418.5,精扫
EWMA h=5 κ=1.02+小时裕度γ=0.5,1408.3,精扫
EWMA h=5 κ=1.02+小时裕度γ=0.75,1414.2,精扫
EWMA h=5 动态κ(60天q80),1418.2,精扫
EWMA h=5 κ=1.02+m=25,1407.6,精扫
EWMA h=5 κ=1.02+m=50,1406.6,精扫
EWMA h=5 κ=1.02+m=75,1406.8,精扫
EWMA h=5 κ=1.0225+m=25,1407.0,精扫
EWMA h=5 κ=1.0225+m=50,1406.7,精扫
EWMA h=5 κ=1.0225+m=75,1407.8,精扫
EWMA h=5 κ=1.025+m=25,1407.0,精扫
EWMA h=5 κ=1.025+m=50,1407.8,精扫
EWMA h=5 κ=1.025+m=75,1409.6,精扫
