日期,w1_L(d-7),w2_L(d-14),w3_典型日,u1_P(d-1),u2_P(d-2),u3_典型日,w1_L(d-7)_平滑,w2_L(d-14)_平滑,w3_典型日_平滑,u1_P(d-1)_平滑,u2_P(d-2)_平滑,u3_典型日_平滑
2025-02-01,0.0,1.0,0.0,0.4,0.6,0.0,0.17500000000000002,0.825,0.0,0.525,0.475,0.0
2025-02-02,0.0,1.0,0.0,0.2,0.8,0.0,0.2222222222222222,0.7777777777777778,0.0,0.5555555555555556,0.4444444444444444,0.0
2025-02-03,0.0,1.0,0.0,0.4,0.6,0.0,0.22000000000000003,0.78,0.0,0.5800000000000001,0.42000000000000004,0.0
2025-02-04,0.0,1.0,0.0,0.4,0.6,0.0,0.21818181818181817,0.7818181818181817,0.0,0.5818181818181819,0.41818181818181815,0.0
2025-02-05,0.2,0.8,0.0,0.8,0.2,0.0,0.21666666666666667,0.7833333333333333,0.0,0.6,0.39999999999999997,0.0
2025-02-06,0.4,0.6,0.0,0.4,0.6,0.0,0.21538461538461537,0.7846153846153846,0.0,0.6307692307692309,0.3692307692307692,0.0
2025-02-07,0.4,0.6,0.0,0.8,0.2,0.0,0.21428571428571427,0.7857142857142857,0.0,0.6571428571428573,0.34285714285714286,0.0
2025-02-08,0.4,0.6,0.0,0.8,0.2,0.0,0.22666666666666666,0.7733333333333333,0.0,0.6533333333333334,0.3466666666666667,0.0
2025-02-09,0.6,0.4,0.0,0.8,0.2,0.0,0.24000000000000002,0.76,0.0,0.6933333333333334,0.3066666666666667,0.0
2025-02-10,0.2,0.8,0.0,0.8,0.2,0.0,0.26666666666666666,0.7333333333333333,0.0,0.7200000000000001,0.28,0.0
2025-02-11,0.2,0.8,0.0,0.6,0.4,0.0,0.29333333333333333,0.7066666666666667,0.0,0.7333333333333333,0.26666666666666666,0.0
2025-02-12,0.2,0.8,0.0,0.8,0.2,0.0,0.32,0.6799999999999999,0.0,0.76,0.24000000000000002,0.0
2025-02-13,0.2,0.8,0.0,1.0,0.0,0.0,0.3333333333333333,0.6666666666666666,0.0,0.76,0.24000000000000002,0.0
2025-02-14,0.2,0.8,0.0,1.0,0.0,0.0,0.33333333333333337,0.6666666666666666,0.0,0.7866666666666667,0.21333333333333335,0.0
2025-02-15,0.4,0.6,0.0,0.6,0.4,0.0,0.3333333333333333,0.6666666666666666,0.0,0.7866666666666667,0.21333333333333335,0.0
2025-02-16,0.2,0.8,0.0,1.0,0.0,0.0,0.3333333333333333,0.6666666666666666,0.0,0.7866666666666666,0.21333333333333335,0.0
2025-02-17,0.4,0.6,0.0,0.6,0.4,0.0,0.32000000000000006,0.6799999999999999,0.0,0.7733333333333334,0.22666666666666668,0.0
2025-02-18,0.4,0.6,0.0,0.6,0.4,0.0,0.36000000000000004,0.64,0.0,0.76,0.24000000000000002,0.0
2025-02-19,0.4,0.6,0.0,0.8,0.2,0.0,0.4,0.6,0.0,0.76,0.24000000000000002,0.0
2025-02-20,0.4,0.6,0.0,0.8,0.2,0.0,0.4266666666666667,0.5733333333333334,0.0,0.72,0.28,0.0
2025-02-21,0.4,0.6,0.0,0.8,0.2,0.0,0.45333333333333337,0.5466666666666666,0.0,0.6666666666666666,0.3333333333333333,0.0
2025-02-22,0.4,0.6,0.0,0.8,0.2,0.0,0.48000000000000004,0.52,0.0,0.6133333333333333,0.3866666666666667,0.0
2025-02-23,0.4,0.6,0.0,0.8,0.2,0.0,0.49333333333333335,0.5066666666666666,0.0,0.5866666666666667,0.41333333333333333,0.0
2025-02-24,0.4,0.6,0.0,0.6,0.4,0.0,0.5066666666666667,0.4933333333333333,0.0,0.56,0.44000000000000006,0.0
2025-02-25,0.8,0.2,0.0,0.6,0.4,0.0,0.5066666666666667,0.49333333333333335,0.0,0.56,0.44000000000000006,0.0
2025-02-26,0.8,0.2,0.0,0.6,0.4,0.0,0.5066666666666666,0.4933333333333333,0.0,0.56,0.44000000000000006,0.0
2025-02-27,0.6,0.4,0.0,0.2,0.8,0.0,0.5066666666666667,0.49333333333333335,0.0,0.5466666666666666,0.45333333333333337,0.0
2025-02-28,0.6,0.4,0.0,0.2,0.8,0.0,0.5333333333333333,0.4666666666666667,0.0,0.5333333333333333,0.4666666666666667,0.0
2025-03-01,0.6,0.4,0.0,0.2,0.8,0.0,0.5733333333333334,0.42666666666666664,0.0,0.52,0.4800000000000001,0.0
2025-03-02,0.6,0.4,0.0,0.2,0.8,0.0,0.6,0.4,0.0,0.5066666666666667,0.49333333333333335,0.0
2025-03-03,0.4,0.6,0.0,0.6,0.4,0.0,0.6266666666666667,0.37333333333333335,0.0,0.5066666666666666,0.49333333333333335,0.0
2025-03-04,0.4,0.6,0.0,0.6,0.4,0.0,0.6,0.4,0.0,0.5066666666666666,0.49333333333333335,0.0
2025-03-05,0.4,0.6,0.0,0.6,0.4,0.0,0.5466666666666666,0.4533333333333333,0.0,0.5066666666666667,0.49333333333333335,0.0
2025-03-06,0.4,0.6,0.0,0.6,0.4,0.0,0.5066666666666667,0.4933333333333333,0.0,0.5066666666666666,0.49333333333333335,0.0
2025-03-07,0.8,0.2,0.0,0.6,0.4,0.0,0.46666666666666673,0.5333333333333333,0.0,0.5066666666666666,0.49333333333333335,0.0
2025-03-08,1.0,0.0,0.0,0.6,0.4,0.0,0.4266666666666667,0.5733333333333334,0.0,0.5066666666666667,0.49333333333333335,0.0
2025-03-09,0.8,0.2,0.0,0.6,0.4,0.0,0.3866666666666667,0.6133333333333333,0.0,0.5066666666666666,0.49333333333333335,0.0
2025-03-10,0.8,0.2,0.0,0.8,0.2,0.0,0.34666666666666673,0.6533333333333334,0.0,0.5333333333333333,0.4666666666666667,0.0
2025-03-11,0.0,1.0,0.0,0.6,0.4,0.0,0.32000000000000006,0.6799999999999999,0.0,0.5333333333333333,0.4666666666666667,0.0
2025-03-12,0.0,1.0,0.0,0.6,0.4,0.0,0.29333333333333333,0.7066666666666667,0.0,0.52,0.48000000000000004,0.0
2025-03-13,0.2,0.8,0.0,0.6,0.4,0.0,0.2666666666666667,0.7333333333333333,0.0,0.52,0.48000000000000004,0.0
2025-03-14,0.0,1.0,0.0,0.2,0.8,0.0,0.25333333333333335,0.7466666666666667,0.0,0.5066666666666666,0.49333333333333335,0.0
2025-03-15,0.0,1.0,0.0,0.2,0.8,0.0,0.21333333333333332,0.7866666666666666,0.0,0.4933333333333333,0.5066666666666667,0.0
2025-03-16,0.0,1.0,0.0,0.2,0.8,0.0,0.16000000000000003,0.84,0.0,0.48000000000000004,0.52,0.0
2025-03-17,0.0,1.0,0.0,0.6,0.4,0.0,0.12000000000000001,0.8800000000000001,0.0,0.4666666666666667,0.5333333333333333,0.0
2025-03-18,0.0,1.0,0.0,0.6,0.4,0.0,0.09333333333333334,0.9066666666666667,0.0,0.42666666666666664,0.5733333333333334,0.0
2025-03-19,0.0,1.0,0.0,0.4,0.6,0.0,0.10666666666666667,0.8933333333333333,0.0,0.4,0.5733333333333334,0.02666666666666667
2025-03-20,0.0,1.0,0.0,0.6,0.4,0.0,0.12000000000000001,0.88,0.0,0.3733333333333333,0.5733333333333334,0.05333333333333334
2025-03-21,0.2,0.8,0.0,0.4,0.6,0.0,0.12000000000000002,0.8800000000000001,0.0,0.3466666666666667,0.5733333333333334,0.08000000000000002
2025-03-22,0.2,0.8,0.0,0.4,0.6,0.0,0.14666666666666667,0.8533333333333334,0.0,0.3466666666666667,0.5466666666666667,0.10666666666666667
2025-03-23,0.2,0.8,0.0,0.4,0.6,0.0,0.17333333333333334,0.8266666666666667,0.0,0.3466666666666666,0.52,0.13333333333333333
2025-03-24,0.2,0.8,0.0,0.4,0.6,0.0,0.21333333333333335,0.7866666666666667,0.0,0.3466666666666667,0.5066666666666666,0.14666666666666667
2025-03-25,0.4,0.6,0.0,0.2,0.8,0.0,0.24000000000000002,0.76,0.0,0.32,0.5066666666666667,0.17333333333333334
2025-03-26,0.2,0.8,0.0,0.2,0.4,0.4,0.28,0.7200000000000001,0.0,0.29333333333333333,0.49333333333333335,0.21333333333333335
2025-03-27,0.2,0.8,0.0,0.2,0.4,0.4,0.3333333333333333,0.6666666666666666,0.0,0.28,0.4666666666666667,0.25333333333333335
2025-03-28,0.2,0.8,0.0,0.2,0.4,0.4,0.37333333333333335,0.6266666666666667,0.0,0.25333333333333335,0.4533333333333333,0.29333333333333333
2025-03-29,0.4,0.6,0.0,0.2,0.4,0.4,0.4,0.6,0.0,0.24000000000000005,0.4266666666666667,0.3333333333333333
2025-03-30,0.4,0.6,0.0,0.2,0.4,0.4,0.44,0.56,0.0,0.22666666666666666,0.4,0.3733333333333333
2025-03-31,0.6,0.4,0.0,0.2,0.6,0.2,0.46666666666666673,0.5333333333333333,0.0,0.21333333333333335,0.37333333333333335,0.41333333333333333
2025-04-01,0.4,0.6,0.0,0.2,0.4,0.4,0.49333333333333335,0.5066666666666667,0.0,0.2,0.3466666666666667,0.4533333333333333
2025-04-02,0.6,0.4,0.0,0.2,0.2,0.6,0.5066666666666666,0.49333333333333335,0.0,0.2,0.30666666666666664,0.49333333333333335
2025-04-03,0.8,0.2,0.0,0.2,0.2,0.6,0.5466666666666666,0.4533333333333333,0.0,0.2,0.29333333333333333,0.5066666666666666
2025-04-04,0.6,0.4,0.0,0.2,0.2,0.6,0.5866666666666666,0.41333333333333333,0.0,0.2,0.28,0.52
2025-04-05,0.6,0.4,0.0,0.2,0.2,0.6,0.6266666666666667,0.37333333333333335,0.0,0.2,0.26666666666666666,0.5333333333333333
2025-04-06,0.8,0.2,0.0,0.2,0.2,0.6,0.64,0.36000000000000004,0.0,0.2,0.2533333333333333,0.5466666666666666
2025-04-07,0.6,0.4,0.0,0.2,0.2,0.6,0.6666666666666666,0.3333333333333333,0.0,0.2,0.24000000000000002,0.56
2025-04-08,0.6,0.4,0.0,0.2,0.2,0.6,0.6799999999999999,0.32,0.0,0.18666666666666665,0.22666666666666666,0.5866666666666667
2025-04-09,0.6,0.4,0.0,0.2,0.2,0.6,0.6933333333333334,0.3066666666666667,0.0,0.20000000000000004,0.21333333333333335,0.5866666666666667
2025-04-10,0.8,0.2,0.0,0.2,0.2,0.6,0.6933333333333334,0.30666666666666664,0.0,0.21333333333333335,0.21333333333333335,0.5733333333333334
2025-04-11,0.8,0.2,0.0,0.2,0.2,0.6,0.6666666666666666,0.3333333333333333,0.0,0.21333333333333335,0.22666666666666668,0.5599999999999999
2025-04-12,0.8,0.2,0.0,0.2,0.2,0.6,0.6533333333333334,0.3466666666666667,0.0,0.21333333333333335,0.24000000000000002,0.5466666666666666
2025-04-13,0.6,0.4,0.0,0.2,0.2,0.6,0.6533333333333334,0.3466666666666667,0.0,0.21333333333333335,0.25333333333333335,0.5333333333333333
2025-04-14,0.8,0.2,0.0,0.2,0.2,0.6,0.6266666666666666,0.3733333333333333,0.0,0.21333333333333335,0.26666666666666666,0.52
2025-04-15,0.8,0.2,0.0,0.0,0.4,0.6,0.6266666666666667,0.37333333333333335,0.0,0.21333333333333335,0.28,0.5066666666666666
2025-04-16,0.6,0.4,0.0,0.4,0.2,0.4,0.64,0.36000000000000004,0.0,0.22666666666666666,0.28,0.49333333333333335
2025-04-17,0.6,0.4,0.0,0.4,0.2,0.4,0.6266666666666667,0.3733333333333333,0.0,0.24000000000000005,0.29333333333333333,0.4666666666666667
2025-04-18,0.4,0.6,0.0,0.2,0.4,0.4,0.6,0.4,0.0,0.25333333333333335,0.3066666666666667,0.44
2025-04-19,0.4,0.6,0.0,0.2,0.4,0.4,0.5733333333333335,0.4266666666666667,0.0,0.26666666666666666,0.32000000000000006,0.41333333333333333
2025-04-20,0.6,0.4,0.0,0.2,0.4,0.4,0.5466666666666667,0.4533333333333333,0.0,0.28,0.3333333333333333,0.38666666666666666
2025-04-21,0.4,0.6,0.0,0.2,0.4,0.4,0.5333333333333333,0.4666666666666667,0.0,0.29333333333333333,0.3333333333333333,0.37333333333333335
2025-04-22,0.6,0.4,0.0,0.2,0.4,0.4,0.5066666666666666,0.49333333333333335,0.0,0.29333333333333333,0.33333333333333337,0.3733333333333333
2025-04-23,0.8,0.2,0.0,0.4,0.2,0.4,0.4533333333333333,0.5466666666666666,0.0,0.30666666666666664,0.32000000000000006,0.3733333333333333
2025-04-24,0.4,0.6,0.0,0.4,0.4,0.2,0.41333333333333333,0.5866666666666667,0.0,0.29333333333333333,0.32,0.38666666666666666
2025-04-25,0.4,0.6,0.0,0.4,0.4,0.2,0.41333333333333333,0.5866666666666666,0.0,0.30666666666666664,0.30666666666666664,0.3866666666666667
2025-04-26,0.4,0.6,0.0,0.4,0.4,0.2,0.4266666666666667,0.56,0.013333333333333334,0.32,0.28,0.4
2025-04-27,0.4,0.6,0.0,0.4,0.4,0.2,0.4533333333333333,0.52,0.02666666666666667,0.3333333333333333,0.25333333333333335,0.41333333333333333
2025-04-28,0.4,0.6,0.0,0.4,0.2,0.4,0.46666666666666673,0.4933333333333333,0.04000000000000001,0.3466666666666667,0.22666666666666668,0.4266666666666667
2025-04-29,0.4,0.6,0.0,0.2,0.2,0.6,0.49333333333333335,0.4533333333333333,0.05333333333333334,0.36000000000000004,0.20000000000000004,0.44
2025-04-30,0.0,1.0,0.0,0.2,0.2,0.6,0.5066666666666667,0.42666666666666664,0.06666666666666667,0.37333333333333335,0.17333333333333334,0.4533333333333333
2025-05-01,0.0,1.0,0.0,0.2,0.2,0.6,0.5066666666666666,0.4133333333333333,0.08000000000000002,0.3733333333333333,0.16000000000000003,0.4666666666666667
2025-05-02,0.6,0.4,0.0,0.6,0.0,0.4,0.5333333333333333,0.3733333333333333,0.09333333333333334,0.37333333333333335,0.13333333333333333,0.4933333333333333
2025-05-03,0.6,0.2,0.2,0.4,0.0,0.6,0.5733333333333334,0.3333333333333333,0.09333333333333334,0.38666666666666666,0.10666666666666667,0.5066666666666666
2025-05-04,0.8,0.0,0.2,0.4,0.0,0.6,0.6133333333333333,0.2933333333333333,0.09333333333333334,0.4000000000000001,0.08000000000000002,0.52
2025-05-05,0.8,0.0,0.2,0.4,0.0,0.6,0.6533333333333332,0.25333333333333335,0.09333333333333334,0.41333333333333333,0.05333333333333334,0.5333333333333333
2025-05-06,0.8,0.0,0.2,0.4,0.0,0.6,0.6933333333333334,0.21333333333333335,0.09333333333333334,0.42666666666666664,0.04000000000000001,0.5333333333333333
2025-05-07,0.8,0.0,0.2,0.4,0.0,0.6,0.7333333333333333,0.17333333333333334,0.09333333333333334,0.4533333333333333,0.02666666666666667,0.52
2025-05-08,0.8,0.0,0.2,0.4,0.0,0.6,0.8,0.10666666666666667,0.09333333333333334,0.48000000000000004,0.013333333333333334,0.5066666666666666
2025-05-09,0.8,0.0,0.2,0.4,0.0,0.6,0.8666666666666667,0.04000000000000001,0.09333333333333334,0.49333333333333335,0.02666666666666667,0.48000000000000004
2025-05-10,1.0,0.0,0.0,0.6,0.0,0.4,0.8933333333333333,0.013333333333333341,0.09333333333333334,0.48000000000000004,0.05333333333333334,0.4666666666666667
2025-05-11,1.0,0.0,0.0,0.6,0.0,0.4,0.9199999999999999,0.0,0.08000000000000002,0.48000000000000004,0.08000000000000002,0.44
2025-05-12,1.0,0.0,0.0,0.6,0.0,0.4,0.9333333333333333,0.0,0.06666666666666667,0.48000000000000004,0.10666666666666667,0.41333333333333333
2025-05-13,1.0,0.0,0.0,0.6,0.0,0.4,0.9466666666666667,0.0,0.05333333333333334,0.48000000000000004,0.13333333333333333,0.38666666666666666
2025-05-14,1.0,0.0,0.0,0.6,0.0,0.4,0.9600000000000001,0.0,0.04000000000000001,0.4666666666666667,0.17333333333333334,0.36000000000000004
2025-05-15,1.0,0.0,0.0,0.6,0.0,0.4,0.9733333333333333,0.0,0.02666666666666667,0.4533333333333333,0.21333333333333335,0.33333333333333337
2025-05-16,1.0,0.0,0.0,0.4,0.4,0.2,0.9866666666666666,0.0,0.013333333333333334,0.44000000000000006,0.2533333333333333,0.30666666666666664
2025-05-17,1.0,0.0,0.0,0.4,0.4,0.2,1.0,0.0,0.0,0.4266666666666667,0.29333333333333333,0.28
2025-05-18,1.0,0.0,0.0,0.4,0.4,0.2,1.0,0.0,0.0,0.4,0.3333333333333333,0.26666666666666666
2025-05-19,1.0,0.0,0.0,0.4,0.4,0.2,0.9866666666666667,0.013333333333333341,0.0,0.3733333333333333,0.3733333333333333,0.25333333333333335
2025-05-20,1.0,0.0,0.0,0.4,0.4,0.2,0.9733333333333334,0.026666666666666675,0.0,0.3733333333333333,0.3733333333333333,0.25333333333333335
2025-05-21,1.0,0.0,0.0,0.2,0.6,0.2,0.9600000000000001,0.04000000000000001,0.0,0.3333333333333333,0.41333333333333333,0.25333333333333335
2025-05-22,1.0,0.0,0.0,0.2,0.6,0.2,0.9466666666666668,0.053333333333333344,0.0,0.3333333333333333,0.41333333333333333,0.25333333333333335
2025-05-23,1.0,0.0,0.0,0.2,0.6,0.2,0.9333333333333333,0.06666666666666668,0.0,0.3066666666666667,0.44,0.25333333333333335
2025-05-24,1.0,0.0,0.0,0.2,0.6,0.2,0.92,0.08000000000000002,0.0,0.29333333333333333,0.44,0.26666666666666666
2025-05-25,1.0,0.0,0.0,0.2,0.6,0.2,0.9066666666666667,0.09333333333333334,0.0,0.26666666666666666,0.4533333333333333,0.28
2025-05-26,0.8,0.2,0.0,0.2,0.6,0.2,0.8800000000000001,0.12000000000000002,0.0,0.24000000000000002,0.42666666666666664,0.3333333333333333
2025-05-27,0.8,0.2,0.0,0.6,0.0,0.4,0.8400000000000001,0.16000000000000003,0.0,0.21333333333333335,0.4,0.38666666666666666
2025-05-28,0.8,0.2,0.0,0.0,0.6,0.4,0.7733333333333334,0.22666666666666668,0.0,0.18666666666666665,0.3733333333333333,0.44000000000000006
2025-05-29,0.8,0.2,0.0,0.6,0.0,0.4,0.7066666666666668,0.29333333333333333,0.0,0.17333333333333334,0.3333333333333333,0.49333333333333335
2025-05-30,0.8,0.2,0.0,0.2,0.4,0.4,0.68,0.32,0.0,0.16,0.2933333333333333,0.5466666666666666
2025-05-31,0.8,0.2,0.0,0.2,0.4,0.4,0.6266666666666667,0.37333333333333335,0.0,0.14666666666666667,0.25333333333333335,0.6
2025-06-01,0.8,0.2,0.0,0.0,0.6,0.4,0.5866666666666667,0.41333333333333333,0.0,0.13333333333333333,0.21333333333333335,0.6533333333333334
2025-06-02,0.6,0.4,0.0,0.0,0.0,1.0,0.5733333333333335,0.4266666666666667,0.0,0.12000000000000001,0.17333333333333334,0.7066666666666667
2025-06-03,0.4,0.6,0.0,0.0,0.0,1.0,0.5733333333333334,0.4266666666666667,0.0,0.10666666666666667,0.13333333333333333,0.76
2025-06-04,0.0,1.0,0.0,0.0,0.0,1.0,0.5733333333333334,0.42666666666666664,0.0,0.06666666666666667,0.13333333333333333,0.8
2025-06-05,0.0,1.0,0.0,0.0,0.0,1.0,0.5866666666666667,0.41333333333333333,0.0,0.06666666666666667,0.09333333333333332,0.84
2025-06-06,0.6,0.4,0.0,0.0,0.0,1.0,0.6,0.4,0.0,0.02666666666666667,0.09333333333333332,0.88
2025-06-07,0.2,0.8,0.0,0.0,0.0,1.0,0.6133333333333334,0.38666666666666666,0.0,0.013333333333333334,0.06666666666666667,0.92
2025-06-08,0.4,0.6,0.0,0.0,0.0,1.0,0.6266666666666667,0.3733333333333333,0.0,0.0,0.04,0.9600000000000001
2025-06-09,0.8,0.2,0.0,0.0,0.0,1.0,0.64,0.36,0.0,0.0,0.0,1.0
2025-06-10,0.8,0.2,0.0,0.0,0.0,1.0,0.6666666666666666,0.3333333333333333,0.0,0.0,0.0,1.0
2025-06-11,0.8,0.2,0.0,0.0,0.0,1.0,0.7066666666666667,0.2933333333333333,0.0,0.0,0.0,1.0
2025-06-12,1.0,0.0,0.0,0.0,0.0,1.0,0.7733333333333333,0.22666666666666666,0.0,0.0,0.0,1.0
2025-06-13,1.0,0.0,0.0,0.0,0.0,1.0,0.84,0.16000000000000003,0.0,0.0,0.0,1.0
2025-06-14,1.0,0.0,0.0,0.0,0.0,1.0,0.8666666666666667,0.13333333333333333,0.0,0.0,0.0,1.0
2025-06-15,1.0,0.0,0.0,0.0,0.0,1.0,0.92,0.08000000000000002,0.0,0.0,0.0,1.0
2025-06-16,1.0,0.0,0.0,0.0,0.0,1.0,0.9600000000000001,0.04000000000000001,0.0,0.013333333333333334,0.0,0.9866666666666667
2025-06-17,1.0,0.0,0.0,0.0,0.0,1.0,0.9733333333333333,0.02666666666666667,0.0,0.02666666666666667,0.0,0.9733333333333333
2025-06-18,1.0,0.0,0.0,0.0,0.0,1.0,0.9866666666666667,0.013333333333333334,0.0,0.02666666666666667,0.0,0.9733333333333333
2025-06-19,1.0,0.0,0.0,0.0,0.0,1.0,1.0,0.0,0.0,0.02666666666666667,0.0,0.9733333333333333
2025-06-20,1.0,0.0,0.0,0.0,0.0,1.0,1.0,0.0,0.0,0.02666666666666667,0.0,0.9733333333333333
2025-06-21,1.0,0.0,0.0,0.0,0.0,1.0,1.0,0.0,0.0,0.02666666666666667,0.0,0.9733333333333333
2025-06-22,1.0,0.0,0.0,0.0,0.0,1.0,1.0,0.0,0.0,0.04000000000000001,0.0,0.9600000000000001
2025-06-23,1.0,0.0,0.0,0.2,0.0,0.8,1.0,0.0,0.0,0.05333333333333334,0.0,0.9466666666666667
2025-06-24,1.0,0.0,0.0,0.2,0.0,0.8,1.0,0.0,0.0,0.08000000000000002,0.0,0.92
2025-06-25,1.0,0.0,0.0,0.0,0.0,1.0,1.0,0.0,0.0,0.09333333333333334,0.0,0.9066666666666666
2025-06-26,1.0,0.0,0.0,0.0,0.0,1.0,1.0,0.0,0.0,0.09333333333333334,0.0,0.9066666666666666
2025-06-27,1.0,0.0,0.0,0.0,0.0,1.0,0.9866666666666667,0.013333333333333334,0.0,0.09333333333333334,0.0,0.9066666666666666
2025-06-28,1.0,0.0,0.0,0.0,0.0,1.0,0.9733333333333333,0.02666666666666667,0.0,0.09333333333333334,0.0,0.9066666666666666
2025-06-29,1.0,0.0,0.0,0.2,0.0,0.8,0.9600000000000001,0.04000000000000001,0.0,0.09333333333333334,0.0,0.9066666666666666
2025-06-30,1.0,0.0,0.0,0.2,0.0,0.8,0.9466666666666667,0.05333333333333334,0.0,0.09333333333333334,0.0,0.9066666666666666
2025-07-01,1.0,0.0,0.0,0.4,0.0,0.6,0.92,0.08000000000000002,0.0,0.08000000000000002,0.0,0.9199999999999999
2025-07-02,1.0,0.0,0.0,0.2,0.0,0.8,0.9066666666666666,0.09333333333333334,0.0,0.06666666666666667,0.0,0.9333333333333333
2025-07-03,1.0,0.0,0.0,0.0,0.0,1.0,0.8933333333333333,0.10666666666666667,0.0,0.06666666666666667,0.0,0.9333333333333333
2025-07-04,0.8,0.2,0.0,0.0,0.0,1.0,0.88,0.12000000000000001,0.0,0.06666666666666667,0.0,0.9333333333333333
2025-07-05,0.8,0.2,0.0,0.0,0.0,1.0,0.8666666666666667,0.13333333333333333,0.0,0.06666666666666667,0.0,0.9333333333333333
2025-07-06,0.8,0.2,0.0,0.0,0.0,1.0,0.8533333333333334,0.14666666666666667,0.0,0.06666666666666667,0.0,0.9333333333333333
2025-07-07,0.8,0.2,0.0,0.0,0.0,1.0,0.84,0.16000000000000003,0.0,0.05333333333333334,0.0,0.9466666666666667
2025-07-08,0.6,0.4,0.0,0.0,0.0,1.0,0.8266666666666667,0.17333333333333334,0.0,0.04000000000000001,0.0,0.9599999999999999
2025-07-09,0.8,0.2,0.0,0.0,0.0,1.0,0.8133333333333334,0.18666666666666668,0.0,0.013333333333333334,0.013333333333333334,0.9733333333333333
2025-07-10,0.8,0.2,0.0,0.0,0.0,1.0,0.8,0.2,0.0,0.013333333333333334,0.02666666666666667,0.9600000000000001
2025-07-11,0.8,0.2,0.0,0.0,0.0,1.0,0.8,0.2,0.0,0.05333333333333334,0.02666666666666667,0.92
2025-07-12,0.8,0.2,0.0,0.0,0.0,1.0,0.8133333333333332,0.18666666666666665,0.0,0.09333333333333332,0.02666666666666667,0.8800000000000001
2025-07-13,0.8,0.2,0.0,0.0,0.0,1.0,0.8266666666666667,0.17333333333333334,0.0,0.13333333333333333,0.02666666666666667,0.8400000000000001
2025-07-14,0.8,0.2,0.0,0.0,0.0,1.0,0.84,0.16,0.0,0.18666666666666665,0.02666666666666667,0.7866666666666667
2025-07-15,0.8,0.2,0.0,0.0,0.0,1.0,0.8533333333333334,0.14666666666666667,0.0,0.24000000000000002,0.02666666666666667,0.7333333333333333
2025-07-16,0.8,0.2,0.0,0.0,0.2,0.8,0.88,0.12000000000000001,0.0,0.28,0.04000000000000001,0.68
2025-07-17,0.8,0.2,0.0,0.2,0.2,0.6,0.8933333333333333,0.10666666666666667,0.0,0.32,0.05333333333333334,0.6266666666666667
2025-07-18,1.0,0.0,0.0,0.6,0.0,0.4,0.9066666666666666,0.09333333333333334,0.0,0.36000000000000004,0.06666666666666667,0.5733333333333335
2025-07-19,1.0,0.0,0.0,0.6,0.0,0.4,0.92,0.08000000000000002,0.0,0.4,0.08000000000000002,0.52
2025-07-20,1.0,0.0,0.0,0.6,0.0,0.4,0.9333333333333333,0.06666666666666667,0.0,0.44,0.09333333333333334,0.46666666666666673
2025-07-21,1.0,0.0,0.0,0.8,0.0,0.2,0.9466666666666667,0.05333333333333334,0.0,0.48000000000000004,0.10666666666666667,0.4133333333333333
2025-07-22,1.0,0.0,0.0,0.8,0.0,0.2,0.9466666666666668,0.05333333333333334,0.0,0.52,0.10666666666666667,0.3733333333333333
2025-07-23,1.0,0.0,0.0,0.6,0.2,0.2,0.9466666666666667,0.05333333333333334,0.0,0.56,0.10666666666666667,0.3333333333333333
2025-07-24,1.0,0.0,0.0,0.6,0.2,0.2,0.9466666666666667,0.05333333333333334,0.0,0.6,0.09333333333333334,0.30666666666666664
2025-07-25,1.0,0.0,0.0,0.6,0.2,0.2,0.9466666666666668,0.05333333333333334,0.0,0.6266666666666667,0.08000000000000002,0.29333333333333333
2025-07-26,1.0,0.0,0.0,0.6,0.2,0.2,0.9333333333333333,0.06666666666666667,0.0,0.6266666666666666,0.08000000000000002,0.29333333333333333
2025-07-27,1.0,0.0,0.0,0.6,0.2,0.2,0.92,0.08000000000000002,0.0,0.6266666666666666,0.08000000000000002,0.29333333333333333
2025-07-28,1.0,0.0,0.0,0.6,0.2,0.2,0.9066666666666667,0.09333333333333334,0.0,0.64,0.08000000000000002,0.28
2025-07-29,0.8,0.2,0.0,0.6,0.0,0.4,0.8933333333333333,0.10666666666666667,0.0,0.64,0.08000000000000002,0.28
2025-07-30,0.8,0.2,0.0,0.6,0.0,0.4,0.8800000000000001,0.12000000000000002,0.0,0.64,0.08000000000000002,0.28
2025-07-31,0.8,0.2,0.0,0.6,0.0,0.4,0.8666666666666667,0.13333333333333333,0.0,0.6533333333333334,0.06666666666666667,0.2800000000000001
2025-08-01,0.8,0.2,0.0,0.6,0.0,0.4,0.8400000000000001,0.16000000000000003,0.0,0.64,0.08000000000000002,0.28
2025-08-02,0.8,0.2,0.0,0.6,0.0,0.4,0.8133333333333334,0.18666666666666668,0.0,0.6266666666666667,0.09333333333333334,0.28
2025-08-03,0.8,0.2,0.0,0.6,0.0,0.4,0.8,0.2,0.0,0.6133333333333333,0.10666666666666667,0.28
2025-08-04,0.8,0.2,0.0,0.8,0.0,0.2,0.7733333333333334,0.22666666666666668,0.0,0.5866666666666667,0.13333333333333333,0.28
2025-08-05,0.8,0.2,0.0,0.8,0.0,0.2,0.7466666666666667,0.25333333333333335,0.0,0.5466666666666667,0.17333333333333334,0.28
2025-08-06,0.8,0.2,0.0,0.8,0.0,0.2,0.7066666666666667,0.29333333333333333,0.0,0.5066666666666667,0.22666666666666668,0.26666666666666666
2025-08-07,0.8,0.2,0.0,0.8,0.0,0.2,0.6666666666666667,0.3333333333333333,0.0,0.4666666666666667,0.28,0.2533333333333333
2025-08-08,0.6,0.4,0.0,0.4,0.4,0.2,0.6266666666666667,0.37333333333333335,0.0,0.4266666666666667,0.3333333333333333,0.24000000000000002
2025-08-09,0.6,0.4,0.0,0.4,0.4,0.2,0.6,0.4000000000000001,0.0,0.3866666666666667,0.3866666666666667,0.22666666666666668
2025-08-10,0.8,0.2,0.0,0.4,0.4,0.2,0.5733333333333335,0.4266666666666667,0.0,0.3466666666666667,0.44000000000000006,0.21333333333333335
2025-08-11,0.6,0.4,0.0,0.2,0.6,0.2,0.5466666666666667,0.4533333333333333,0.0,0.3066666666666667,0.49333333333333335,0.2
2025-08-12,0.6,0.4,0.0,0.0,0.8,0.2,0.5066666666666667,0.49333333333333335,0.0,0.29333333333333333,0.52,0.18666666666666668
2025-08-13,0.2,0.8,0.0,0.0,0.8,0.2,0.46666666666666673,0.5333333333333333,0.0,0.28,0.5466666666666667,0.17333333333333334
2025-08-14,0.2,0.8,0.0,0.0,0.8,0.2,0.4533333333333333,0.5466666666666667,0.0,0.22666666666666668,0.5866666666666667,0.18666666666666668
2025-08-15,0.2,0.8,0.0,0.0,0.8,0.2,0.4533333333333333,0.5466666666666666,0.0,0.17333333333333334,0.6266666666666667,0.2
2025-08-16,0.4,0.6,0.0,0.0,0.8,0.2,0.45333333333333337,0.5466666666666666,0.0,0.14666666666666667,0.64,0.21333333333333335
2025-08-17,0.4,0.6,0.0,0.0,0.8,0.2,0.44,0.56,0.0,0.11999999999999998,0.6666666666666666,0.21333333333333335
2025-08-18,0.4,0.6,0.0,0.0,0.8,0.2,0.41333333333333333,0.5866666666666666,0.0,0.09333333333333332,0.6933333333333334,0.21333333333333335
2025-08-19,0.2,0.8,0.0,0.6,0.4,0.0,0.41333333333333333,0.5866666666666667,0.0,0.09333333333333332,0.6799999999999999,0.22666666666666666
2025-08-20,0.2,0.8,0.0,0.6,0.4,0.0,0.4266666666666667,0.5733333333333335,0.0,0.09333333333333332,0.6666666666666666,0.24000000000000002
2025-08-21,0.6,0.4,0.0,0.0,0.6,0.4,0.4666666666666667,0.5333333333333333,0.0,0.09333333333333332,0.6666666666666666,0.24000000000000002
2025-08-22,0.8,0.2,0.0,0.0,0.6,0.4,0.52,0.48000000000000004,0.0,0.09333333333333332,0.6533333333333332,0.25333333333333335
2025-08-23,0.6,0.4,0.0,0.0,0.6,0.4,0.56,0.44000000000000006,0.0,0.09333333333333332,0.64,0.26666666666666666
2025-08-24,0.4,0.6,0.0,0.0,0.8,0.2,0.5866666666666667,0.4133333333333333,0.0,0.09333333333333332,0.6266666666666667,0.28
2025-08-25,0.4,0.6,0.0,0.0,0.8,0.2,0.6,0.4,0.0,0.10666666666666666,0.6,0.29333333333333333
2025-08-26,0.6,0.4,0.0,0.2,0.4,0.4,0.6,0.4,0.0,0.14666666666666664,0.56,0.29333333333333333
2025-08-27,0.8,0.2,0.0,0.0,0.6,0.4,0.6133333333333333,0.38666666666666666,0.0,0.14666666666666667,0.5466666666666666,0.3066666666666667
2025-08-28,0.8,0.2,0.0,0.0,0.8,0.2,0.6400000000000001,0.36000000000000004,0.0,0.14666666666666664,0.5333333333333333,0.32000000000000006
2025-08-29,1.0,0.0,0.0,0.0,0.6,0.4,0.64,0.36,0.0,0.16,0.5333333333333333,0.3066666666666667
2025-08-30,0.8,0.2,0.0,0.0,0.6,0.4,0.6266666666666667,0.37333333333333335,0.0,0.1733333333333333,0.5333333333333333,0.29333333333333333
2025-08-31,0.8,0.2,0.0,0.0,0.6,0.4,0.6266666666666667,0.3733333333333333,0.0,0.2,0.52,0.28
2025-09-01,0.6,0.4,0.0,0.2,0.4,0.4,0.6666666666666666,0.3333333333333333,0.0,0.21333333333333332,0.5066666666666666,0.28
2025-09-02,0.4,0.6,0.0,0.6,0.2,0.2,0.6799999999999999,0.32,0.0,0.2533333333333333,0.4666666666666667,0.28
2025-09-03,0.4,0.6,0.0,0.6,0.2,0.2,0.68,0.32000000000000006,0.0,0.25333333333333335,0.4799999999999999,0.26666666666666666
2025-09-04,0.6,0.4,0.0,0.6,0.2,0.2,0.6666666666666666,0.3333333333333333,0.0,0.26666666666666666,0.48000000000000004,0.25333333333333335
2025-09-05,0.6,0.4,0.0,0.2,0.6,0.2,0.6533333333333334,0.3466666666666667,0.0,0.28,0.4666666666666667,0.25333333333333335
2025-09-06,0.6,0.4,0.0,0.2,0.6,0.2,0.6400000000000001,0.36000000000000004,0.0,0.28,0.48000000000000004,0.24000000000000005
2025-09-07,0.6,0.4,0.0,0.4,0.4,0.2,0.64,0.36000000000000004,0.0,0.28,0.49333333333333335,0.22666666666666666
2025-09-08,1.0,0.0,0.0,0.2,0.6,0.2,0.64,0.36000000000000004,0.0,0.28,0.5066666666666667,0.21333333333333335
2025-09-09,0.6,0.4,0.0,0.6,0.2,0.2,0.6533333333333334,0.3466666666666667,0.0,0.26666666666666666,0.5333333333333333,0.2
2025-09-10,0.6,0.4,0.0,0.2,0.6,0.2,0.6799999999999999,0.32,0.0,0.22666666666666666,0.5733333333333334,0.2
2025-09-11,0.6,0.4,0.0,0.2,0.6,0.2,0.7066666666666668,0.29333333333333333,0.0,0.2,0.5866666666666667,0.21333333333333335
2025-09-12,0.6,0.4,0.0,0.2,0.6,0.2,0.72,0.28,0.0,0.17333333333333334,0.6,0.22666666666666668
2025-09-13,0.8,0.2,0.0,0.0,0.8,0.2,0.7333333333333333,0.26666666666666666,0.0,0.17333333333333334,0.5866666666666667,0.24000000000000002
2025-09-14,0.8,0.2,0.0,0.0,0.8,0.2,0.7466666666666667,0.2533333333333333,0.0,0.17333333333333334,0.5733333333333334,0.25333333333333335
2025-09-15,0.8,0.2,0.0,0.0,0.8,0.2,0.76,0.24000000000000002,0.0,0.16,0.5733333333333334,0.26666666666666666
2025-09-16,0.8,0.2,0.0,0.0,0.8,0.2,0.7466666666666667,0.25333333333333335,0.0,0.16000000000000003,0.56,0.28
2025-09-17,0.8,0.2,0.0,0.0,0.8,0.2,0.7600000000000001,0.24000000000000002,0.0,0.14666666666666667,0.56,0.29333333333333333
2025-09-18,0.8,0.2,0.0,0.2,0.4,0.4,0.76,0.24000000000000005,0.0,0.1733333333333333,0.52,0.30666666666666664
2025-09-19,0.8,0.2,0.0,0.2,0.4,0.4,0.76,0.24000000000000002,0.0,0.2,0.48000000000000004,0.32
2025-09-20,0.8,0.2,0.0,0.2,0.4,0.4,0.7733333333333334,0.22666666666666666,0.0,0.21333333333333335,0.45333333333333337,0.33333333333333337
2025-09-21,0.8,0.2,0.0,0.2,0.4,0.4,0.7733333333333333,0.22666666666666668,0.0,0.24000000000000002,0.41333333333333333,0.3466666666666667
2025-09-22,0.8,0.2,0.0,0.2,0.4,0.4,0.7733333333333334,0.22666666666666668,0.0,0.24000000000000002,0.4000000000000001,0.36000000000000004
2025-09-23,0.8,0.2,0.0,0.2,0.4,0.4,0.7733333333333333,0.22666666666666666,0.0,0.2533333333333333,0.3733333333333333,0.37333333333333335
2025-09-24,0.8,0.2,0.0,0.4,0.2,0.4,0.7733333333333334,0.22666666666666668,0.0,0.26666666666666666,0.3466666666666667,0.38666666666666666
2025-09-25,0.6,0.4,0.0,0.6,0.0,0.4,0.7733333333333334,0.22666666666666668,0.0,0.28,0.32000000000000006,0.4
2025-09-26,0.6,0.4,0.0,0.6,0.0,0.4,0.7733333333333333,0.22666666666666666,0.0,0.2933333333333333,0.30666666666666664,0.4
2025-09-27,0.8,0.2,0.0,0.4,0.2,0.4,0.7733333333333334,0.22666666666666668,0.0,0.30666666666666664,0.2933333333333333,0.4
2025-09-28,0.8,0.2,0.0,0.4,0.2,0.4,0.7733333333333334,0.22666666666666666,0.0,0.32000000000000006,0.28,0.4
2025-09-29,0.8,0.2,0.0,0.0,0.6,0.4,0.7733333333333333,0.22666666666666668,0.0,0.32000000000000006,0.28,0.4
2025-09-30,0.8,0.2,0.0,0.2,0.4,0.4,0.7733333333333334,0.22666666666666668,0.0,0.3333333333333333,0.26666666666666666,0.4
2025-10-01,0.8,0.2,0.0,0.2,0.4,0.4,0.7733333333333333,0.22666666666666666,0.0,0.3466666666666667,0.25333333333333335,0.4
2025-10-02,0.8,0.2,0.0,0.2,0.4,0.4,0.7733333333333334,0.22666666666666668,0.0,0.36000000000000004,0.2533333333333333,0.38666666666666666
2025-10-03,0.8,0.2,0.0,0.4,0.2,0.4,0.7733333333333333,0.22666666666666666,0.0,0.36000000000000004,0.26666666666666666,0.37333333333333335
2025-10-04,0.8,0.2,0.0,0.4,0.2,0.4,0.7733333333333333,0.22666666666666666,0.0,0.36000000000000004,0.28,0.36000000000000004
2025-10-05,0.8,0.2,0.0,0.4,0.2,0.4,0.7600000000000001,0.24000000000000005,0.0,0.3733333333333333,0.28,0.3466666666666667
2025-10-06,0.8,0.2,0.0,0.2,0.4,0.4,0.7466666666666667,0.25333333333333335,0.0,0.37333333333333335,0.29333333333333333,0.33333333333333337
2025-10-07,0.8,0.2,0.0,0.4,0.2,0.4,0.7333333333333333,0.26666666666666666,0.0,0.4,0.28,0.32000000000000006
2025-10-08,0.8,0.2,0.0,0.4,0.2,0.4,0.7200000000000001,0.28,0.0,0.41333333333333333,0.28,0.30666666666666664
2025-10-09,0.8,0.2,0.0,0.6,0.2,0.2,0.7066666666666667,0.29333333333333333,0.0,0.44,0.25333333333333335,0.3066666666666667
2025-10-10,0.6,0.4,0.0,0.6,0.2,0.2,0.6933333333333332,0.30666666666666664,0.0,0.4666666666666667,0.22666666666666668,0.3066666666666667
2025-10-11,0.6,0.4,0.0,0.6,0.2,0.2,0.68,0.32,0.0,0.48000000000000004,0.21333333333333335,0.3066666666666667
2025-10-12,0.6,0.4,0.0,0.6,0.2,0.2,0.6666666666666666,0.33333333333333337,0.0,0.49333333333333335,0.21333333333333335,0.29333333333333333
2025-10-13,0.6,0.4,0.0,0.4,0.4,0.2,0.6533333333333332,0.3466666666666667,0.0,0.52,0.2,0.28
2025-10-14,0.6,0.4,0.0,0.4,0.4,0.2,0.64,0.36000000000000004,0.0,0.5733333333333334,0.17333333333333337,0.25333333333333335
2025-10-15,0.6,0.4,0.0,0.4,0.4,0.2,0.6266666666666666,0.37333333333333335,0.0,0.6133333333333333,0.16000000000000003,0.22666666666666668
2025-10-16,0.6,0.4,0.0,0.6,0.0,0.4,0.6133333333333334,0.38666666666666666,0.0,0.6533333333333334,0.14666666666666667,0.20000000000000004
2025-10-17,0.6,0.4,0.0,0.6,0.0,0.4,0.6,0.4,0.0,0.6799999999999999,0.13333333333333333,0.18666666666666668
2025-10-18,0.6,0.4,0.0,0.6,0.0,0.4,0.6,0.4,0.0,0.7066666666666667,0.12000000000000001,0.17333333333333337
2025-10-19,0.6,0.4,0.0,0.6,0.2,0.2,0.5866666666666667,0.41333333333333333,0.0,0.7333333333333333,0.10666666666666667,0.16000000000000003
2025-10-20,0.6,0.4,0.0,0.8,0.0,0.2,0.5733333333333334,0.4266666666666667,0.0,0.76,0.09333333333333334,0.14666666666666667
2025-10-21,0.6,0.4,0.0,1.0,0.0,0.0,0.5599999999999999,0.44,0.0,0.7733333333333333,0.09333333333333332,0.13333333333333336
2025-10-22,0.6,0.4,0.0,1.0,0.0,0.0,0.5333333333333333,0.4666666666666667,0.0,0.7866666666666666,0.09333333333333334,0.12000000000000001
2025-10-23,0.6,0.4,0.0,1.0,0.0,0.0,0.5333333333333333,0.4666666666666667,0.0,0.8266666666666665,0.06666666666666667,0.10666666666666667
2025-10-24,0.6,0.4,0.0,1.0,0.0,0.0,0.5333333333333333,0.4666666666666667,0.0,0.84,0.08,0.08
2025-10-25,0.6,0.4,0.0,1.0,0.0,0.0,0.5333333333333333,0.46666666666666673,0.0,0.8666666666666667,0.08,0.05333333333333334
2025-10-26,0.4,0.6,0.0,1.0,0.0,0.0,0.5333333333333333,0.4666666666666667,0.0,0.88,0.09333333333333332,0.02666666666666667
2025-10-27,0.4,0.6,0.0,1.0,0.0,0.0,0.5333333333333333,0.4666666666666667,0.0,0.8933333333333333,0.09333333333333334,0.013333333333333334
2025-10-28,0.4,0.6,0.0,0.6,0.4,0.0,0.52,0.48000000000000004,0.0,0.9066666666666666,0.09333333333333334,0.0
2025-10-29,0.2,0.8,0.0,0.6,0.4,0.0,0.5066666666666666,0.49333333333333335,0.0,0.88,0.12000000000000001,0.0
2025-10-30,0.6,0.4,0.0,1.0,0.0,0.0,0.5066666666666666,0.4933333333333333,0.0,0.8533333333333334,0.14666666666666667,0.0
2025-10-31,0.6,0.4,0.0,0.8,0.2,0.0,0.48000000000000004,0.52,0.0,0.8533333333333334,0.14666666666666667,0.0
2025-11-01,0.6,0.4,0.0,1.0,0.0,0.0,0.4533333333333333,0.5466666666666666,0.0,0.8533333333333334,0.14666666666666667,0.0
2025-11-02,0.6,0.4,0.0,0.8,0.2,0.0,0.41333333333333333,0.5866666666666667,0.0,0.8533333333333334,0.14666666666666667,0.0
2025-11-03,0.6,0.4,0.0,0.8,0.2,0.0,0.4133333333333333,0.5866666666666667,0.0,0.8533333333333334,0.14666666666666667,0.0
2025-11-04,0.4,0.6,0.0,1.0,0.0,0.0,0.4266666666666667,0.5733333333333334,0.0,0.8533333333333334,0.14666666666666667,0.0
2025-11-05,0.4,0.6,0.0,0.6,0.4,0.0,0.44,0.56,0.0,0.88,0.12000000000000002,0.0
2025-11-06,0.6,0.4,0.0,0.6,0.4,0.0,0.4666666666666667,0.5333333333333333,0.0,0.9066666666666667,0.09333333333333334,0.0
2025-11-07,0.2,0.8,0.0,1.0,0.0,0.0,0.4666666666666667,0.5333333333333333,0.0,0.9066666666666667,0.09333333333333334,0.0
2025-11-08,0.2,0.8,0.0,1.0,0.0,0.0,0.48000000000000004,0.52,0.0,0.92,0.08000000000000002,0.0
2025-11-09,0.0,1.0,0.0,1.0,0.0,0.0,0.4933333333333333,0.5066666666666666,0.0,0.92,0.08000000000000002,0.0
2025-11-10,0.4,0.6,0.0,1.0,0.0,0.0,0.5066666666666667,0.49333333333333335,0.0,0.9333333333333333,0.06666666666666667,0.0
2025-11-11,0.6,0.4,0.0,1.0,0.0,0.0,0.5066666666666666,0.49333333333333335,0.0,0.9466666666666667,0.05333333333333334,0.0
2025-11-12,0.6,0.4,0.0,1.0,0.0,0.0,0.5333333333333333,0.4666666666666667,0.0,0.9466666666666667,0.05333333333333334,0.0
2025-11-13,0.6,0.4,0.0,1.0,0.0,0.0,0.56,0.44,0.0,0.9733333333333334,0.02666666666666667,0.0
2025-11-14,0.6,0.4,0.0,1.0,0.0,0.0,0.5733333333333334,0.4266666666666667,0.0,0.9866666666666666,0.013333333333333334,0.0
2025-11-15,0.8,0.2,0.0,1.0,0.0,0.0,0.6133333333333334,0.38666666666666666,0.0,0.9733333333333334,0.02666666666666667,0.0
2025-11-16,0.8,0.2,0.0,1.0,0.0,0.0,0.6666666666666666,0.3333333333333333,0.0,0.9733333333333334,0.02666666666666667,0.0
2025-11-17,0.8,0.2,0.0,1.0,0.0,0.0,0.7200000000000001,0.28,0.0,0.9733333333333334,0.02666666666666667,0.0
2025-11-18,0.6,0.4,0.0,1.0,0.0,0.0,0.7333333333333333,0.26666666666666666,0.0,0.9600000000000001,0.04000000000000001,0.0
2025-11-19,0.8,0.2,0.0,1.0,0.0,0.0,0.7200000000000001,0.28,0.0,0.9066666666666666,0.09333333333333334,0.0
2025-11-20,0.8,0.2,0.0,1.0,0.0,0.0,0.7200000000000001,0.28,0.0,0.9066666666666667,0.09333333333333334,0.0
2025-11-21,0.8,0.2,0.0,0.8,0.2,0.0,0.7200000000000001,0.28,0.0,0.9066666666666667,0.09333333333333334,0.0
2025-11-22,0.8,0.2,0.0,0.8,0.2,0.0,0.7200000000000001,0.28,0.0,0.9066666666666667,0.09333333333333334,0.0
2025-11-23,1.0,0.0,0.0,1.0,0.0,0.0,0.7333333333333333,0.26666666666666666,0.0,0.9066666666666667,0.09333333333333334,0.0
2025-11-24,0.8,0.2,0.0,1.0,0.0,0.0,0.72,0.28,0.0,0.9066666666666667,0.09333333333333334,0.0
2025-11-25,0.6,0.4,0.0,0.8,0.2,0.0,0.7200000000000001,0.28,0.0,0.9066666666666667,0.09333333333333334,0.0
2025-11-26,0.4,0.6,0.0,0.2,0.8,0.0,0.72,0.28,0.0,0.9066666666666667,0.09333333333333334,0.0
2025-11-27,0.6,0.4,0.0,1.0,0.0,0.0,0.7066666666666667,0.29333333333333333,0.0,0.9066666666666667,0.09333333333333334,0.0
2025-11-28,0.6,0.4,0.0,1.0,0.0,0.0,0.6799999999999999,0.32,0.0,0.9066666666666667,0.09333333333333334,0.0
2025-11-29,0.6,0.4,0.0,1.0,0.0,0.0,0.6266666666666667,0.36000000000000004,0.013333333333333334,0.92,0.08000000000000002,0.0
2025-11-30,1.0,0.0,0.0,1.0,0.0,0.0,0.5733333333333334,0.4000000000000001,0.02666666666666667,0.9333333333333333,0.06666666666666667,0.0
2025-12-01,0.6,0.4,0.0,1.0,0.0,0.0,0.5066666666666666,0.45333333333333337,0.04000000000000001,0.9333333333333333,0.06666666666666667,0.0
2025-12-02,0.8,0.2,0.0,1.0,0.0,0.0,0.5066666666666667,0.44000000000000006,0.05333333333333334,0.9333333333333333,0.06666666666666667,0.0
2025-12-03,0.6,0.4,0.0,1.0,0.0,0.0,0.5333333333333333,0.41333333333333333,0.05333333333333334,0.9333333333333333,0.06666666666666667,0.0
2025-12-04,0.6,0.4,0.0,1.0,0.0,0.0,0.5733333333333334,0.37333333333333335,0.05333333333333334,0.9600000000000001,0.04000000000000001,0.0
2025-12-05,0.4,0.6,0.0,1.0,0.0,0.0,0.6,0.3466666666666667,0.05333333333333334,0.9333333333333333,0.06666666666666667,0.0
2025-12-06,0.0,0.8,0.2,1.0,0.0,0.0,0.6266666666666667,0.32000000000000006,0.05333333333333334,0.88,0.12000000000000001,0.0
2025-12-07,0.0,0.8,0.2,1.0,0.0,0.0,0.6533333333333334,0.29333333333333333,0.05333333333333334,0.8533333333333333,0.14666666666666667,0.0
2025-12-08,0.0,0.8,0.2,1.0,0.0,0.0,0.6533333333333334,0.29333333333333333,0.05333333333333334,0.8266666666666667,0.17333333333333334,0.0
2025-12-09,0.8,0.0,0.2,1.0,0.0,0.0,0.68,0.26666666666666666,0.05333333333333334,0.8,0.2,0.0
2025-12-10,1.0,0.0,0.0,0.8,0.2,0.0,0.6933333333333334,0.25333333333333335,0.05333333333333334,0.7733333333333333,0.22666666666666668,0.0
2025-12-11,1.0,0.0,0.0,0.6,0.4,0.0,0.7200000000000001,0.22666666666666668,0.05333333333333334,0.7466666666666666,0.25333333333333335,0.0
2025-12-12,1.0,0.0,0.0,0.6,0.4,0.0,0.7466666666666667,0.2,0.05333333333333334,0.72,0.28,0.0
2025-12-13,1.0,0.0,0.0,0.2,0.8,0.0,0.7866666666666667,0.16000000000000003,0.05333333333333334,0.6799999999999999,0.32,0.0
2025-12-14,1.0,0.0,0.0,0.6,0.4,0.0,0.8533333333333334,0.10666666666666667,0.04000000000000001,0.64,0.36000000000000004,0.0
2025-12-15,1.0,0.0,0.0,0.6,0.4,0.0,0.92,0.05333333333333334,0.02666666666666667,0.6,0.4,0.0
2025-12-16,1.0,0.0,0.0,0.6,0.4,0.0,0.9866666666666667,0.0,0.013333333333333334,0.56,0.44,0.0
2025-12-17,1.0,0.0,0.0,0.6,0.4,0.0,1.0,0.0,0.0,0.52,0.48000000000000004,0.0
2025-12-18,1.0,0.0,0.0,0.6,0.4,0.0,1.0,0.0,0.0,0.4933333333333333,0.5066666666666666,0.0
2025-12-19,1.0,0.0,0.0,0.6,0.4,0.0,1.0,0.0,0.0,0.48000000000000004,0.52,0.0
2025-12-20,1.0,0.0,0.0,0.4,0.6,0.0,1.0,0.0,0.0,0.4666666666666667,0.5333333333333333,0.0
2025-12-21,1.0,0.0,0.0,0.4,0.6,0.0,1.0,0.0,0.0,0.49333333333333335,0.5066666666666667,0.0
2025-12-22,1.0,0.0,0.0,0.4,0.6,0.0,1.0,0.0,0.0,0.4933333333333333,0.5066666666666666,0.0
2025-12-23,1.0,0.0,0.0,0.4,0.6,0.0,1.0,0.0,0.0,0.49333333333333335,0.5066666666666666,0.0
2025-12-24,1.0,0.0,0.0,0.4,0.6,0.0,1.0,0.0,0.0,0.48000000000000004,0.52,0.0
2025-12-25,1.0,0.0,0.0,0.4,0.6,0.0,1.0,0.0,0.0,0.4714285714285714,0.5285714285714286,0.0
2025-12-26,1.0,0.0,0.0,0.4,0.6,0.0,1.0,0.0,0.0,0.46153846153846156,0.5384615384615384,0.0
2025-12-27,1.0,0.0,0.0,0.4,0.6,0.0,1.0,0.0,0.0,0.44999999999999996,0.5499999999999999,0.0
2025-12-28,1.0,0.0,0.0,0.6,0.4,0.0,1.0,0.0,0.0,0.45454545454545453,0.5454545454545454,0.0
2025-12-29,1.0,0.0,0.0,0.6,0.4,0.0,1.0,0.0,0.0,0.45999999999999996,0.5399999999999999,0.0
2025-12-30,1.0,0.0,0.0,0.6,0.4,0.0,1.0,0.0,0.0,0.46666666666666656,0.5333333333333333,0.0
2025-12-31,1.0,0.0,0.0,0.4,0.6,0.0,1.0,0.0,0.0,0.475,0.5249999999999999,0.0
