日期,日内最低/kWh,日内最高/kWh
2025-02-01,1200.0,10528.580315387131
2025-02-02,1200.0,10800.0
2025-02-03,1200.0,10800.0
2025-02-04,1200.0,10798.235971346796
2025-02-05,1200.0,10800.0
2025-02-06,1200.0,10800.0
2025-02-07,1200.0,10800.0
2025-02-08,1200.0,10744.512477885793
2025-02-09,1200.0,10800.0
2025-02-10,1200.0,10800.0
2025-02-11,1200.0,10800.0
2025-02-12,1200.0,10797.82262706545
2025-02-13,1200.0,10800.0
2025-02-14,1200.0,10800.0
2025-02-15,1200.0,10382.895269773353
2025-02-16,1200.0,10797.19125227911
2025-02-17,1200.0,10797.486033654264
2025-02-18,1200.0,10800.0
2025-02-19,1200.0,10800.0
2025-02-20,1200.0,10800.0
2025-02-21,1200.0,10800.0
2025-02-22,1200.0,10385.421240437532
2025-02-23,1200.0,10798.634121954772
2025-02-24,1200.0,10800.0
2025-02-25,1200.0,10800.0
2025-02-26,1200.0,10799.017558118381
2025-02-27,1200.0,10800.0
2025-02-28,1200.0,10639.114818006423
2025-03-01,1200.0,10800.0
2025-03-02,1200.0,10799.376275176663
2025-03-03,1200.0,10800.0
2025-03-04,1200.0,10800.0
2025-03-05,1200.0,10799.710195458145
2025-03-06,1200.0,10800.0
2025-03-07,1200.0,10676.583183157301
2025-03-08,1200.0,10800.0
2025-03-09,1200.0,10800.0
2025-03-10,1200.0,10799.396281547788
2025-03-11,1200.0,10799.45053405602
2025-03-12,1200.0,10800.0
2025-03-13,1200.0,10800.0
2025-03-14,1200.0,10800.0
2025-03-15,1200.0,10800.0
2025-03-16,1200.0,10800.0
2025-03-17,1200.0,10800.0
2025-03-18,1200.0,10800.0
2025-03-19,1200.0,10800.0
2025-03-20,1200.0,10799.227873491536
2025-03-21,1200.0,10800.0
2025-03-22,1200.0,10800.0
2025-03-23,1200.0,10800.0
2025-03-24,1200.0,10800.0
2025-03-25,1200.0,10790.517743041406
2025-03-26,1200.0,10800.0
2025-03-27,1200.0,10800.0
2025-03-28,1200.0,10800.0
2025-03-29,1200.0,10800.0
2025-03-30,1200.0,10784.497436762536
2025-03-31,1200.0,10784.575857682106
2025-04-01,1200.0,10800.0
2025-04-02,1200.0,10800.0
2025-04-03,1200.0,10800.0
2025-04-04,1200.0,10800.0
2025-04-05,1200.1645398115197,10800.0
2025-04-06,1200.6846874009,10800.0
2025-04-07,1203.4946570671977,10800.0
2025-04-08,1204.8139290227746,10800.0
2025-04-09,1209.2264033772994,10800.0
2025-04-10,1208.3763299167997,10800.0
2025-04-11,1223.1357892482617,10800.0
2025-04-12,1220.0049311050907,10800.0
2025-04-13,1224.942413221068,10800.0
2025-04-14,1207.7677857690435,10800.0
2025-04-15,1204.695528051695,10800.0
2025-04-16,1221.1589890129549,10800.0
2025-04-17,1226.0773742149267,10800.0
2025-04-18,1255.0920927832906,10800.0
2025-04-19,1267.4780749843312,10800.0
2025-04-20,1255.7745607305533,10787.358021483771
2025-04-21,1213.649192961413,10800.0
2025-04-22,1273.6405637913072,10790.36398623466
2025-04-23,1280.0625375149648,10800.0
2025-04-24,1222.2778992212825,10800.0
2025-04-25,1306.308347321119,10800.0
2025-04-26,1308.304204076945,10800.0
2025-04-27,1200.0,10800.0
2025-04-28,1310.50211532695,10787.350310712713
2025-04-29,1206.4305451872672,10800.0
2025-04-30,1262.524126279122,10800.0
2025-05-01,1206.3808827365986,10800.0
2025-05-02,1317.284629782101,10800.0
2025-05-03,1369.2891924672026,10800.0
2025-05-04,1241.3295953373904,10800.0
2025-05-05,1283.5804229886598,10800.0
2025-05-06,1200.0,10800.0
2025-05-07,1218.1306320002725,10800.0
2025-05-08,1206.6250706785795,10800.0
2025-05-09,1264.6136273632767,10800.0
2025-05-10,1401.7294462607426,10800.0
2025-05-11,1204.6476446466208,10800.0
2025-05-12,1216.1543221404609,10800.0
2025-05-13,1210.176769955414,10800.0
2025-05-14,1258.0525846931464,10800.0
2025-05-15,1268.9776451445646,10800.0
2025-05-16,1354.2797008151013,10800.0
2025-05-17,1436.2910776205447,10800.0
2025-05-18,1202.47231998803,10800.0
2025-05-19,1206.2839071433432,10800.0
2025-05-20,1237.3390631375435,10800.0
2025-05-21,1205.2915278412365,10800.0
2025-05-22,1246.7883888888891,10800.0
2025-05-23,1494.202479639251,10800.0
2025-05-24,1232.8814040049838,10800.0
2025-05-25,1208.9846819380916,10800.0
2025-05-26,1200.0,10800.0
2025-05-27,1200.3564128101941,10800.0
2025-05-28,1205.5558744148998,10800.0
2025-05-29,1241.6883345658816,10800.0
2025-05-30,1299.3892494808892,10800.0
2025-05-31,1572.7209728309667,10800.0
2025-06-01,1204.853451565605,10800.0
2025-06-02,1206.4690292567832,10800.0
2025-06-03,1208.2187699934732,10800.0
2025-06-04,1200.6014781484184,10800.0
2025-06-05,1205.4506824124267,10800.0
2025-06-06,1468.795918070066,10744.588555916665
2025-06-07,1478.30167436302,10800.0
2025-06-08,1217.7782930437133,10800.0
2025-06-09,1281.4495157100403,10800.0
2025-06-10,1200.552325427457,10800.0
2025-06-11,1200.0,10800.0
2025-06-12,1245.6784588137846,10800.0
2025-06-13,1502.8948728258847,10796.78554680195
2025-06-14,1532.869797966238,10779.611915789194
2025-06-15,1263.5474543337407,10800.0
2025-06-16,1200.1520762865687,10800.0
2025-06-17,1229.994600900047,10800.0
2025-06-18,1209.6090044058903,10800.0
2025-06-19,1200.1816750919154,10800.0
2025-06-20,1500.3376826077333,10800.0
2025-06-21,1515.4567100997806,10800.0
2025-06-22,1200.1877321245076,10800.0
2025-06-23,1244.8355803312372,10800.0
2025-06-24,1200.0,10800.0
2025-06-25,1200.0,10800.0
2025-06-26,1265.47996709959,10800.0
2025-06-27,1517.5848473443903,10800.0
2025-06-28,1366.3291356188477,10800.0
2025-06-29,1200.1254676326855,10800.0
2025-06-30,1200.4852726083438,10800.0
2025-07-01,1200.8243879591448,10800.0
2025-07-02,1265.4210312539865,10800.0
2025-07-03,1228.7865411883615,10800.0
2025-07-04,1241.5325816692703,10800.0
2025-07-05,1415.6474444444443,10800.0
2025-07-06,1200.6773370851135,10800.0
2025-07-07,1225.061542661116,10800.0
2025-07-08,1200.6495320138304,10800.0
2025-07-09,1200.618560541345,10800.0
2025-07-10,1200.540547079919,10800.0
2025-07-11,1432.7671111111092,10800.0
2025-07-12,1345.7959629629604,10800.0
2025-07-13,1200.485468185176,10800.0
2025-07-14,1200.4011486081847,10800.0
2025-07-15,1200.441358608003,10800.0
2025-07-16,1322.9565317065208,10800.0
2025-07-17,1200.25862514102,10800.0
2025-07-18,1456.6982402936728,10800.0
2025-07-19,1364.4942777777756,10800.0
2025-07-20,1200.2309780002554,10800.0
2025-07-21,1200.1363296555176,10800.0
2025-07-22,1247.313026729333,10800.0
2025-07-23,1200.1172878063637,10800.0
2025-07-24,1200.0094993122168,10800.0
2025-07-25,1261.8742654860152,10800.0
2025-07-26,1285.590824467277,10800.0
2025-07-27,1200.0,10800.0
2025-07-28,1200.0,10800.0
2025-07-29,1200.0,10800.0
2025-07-30,1200.209909842719,10800.0
2025-07-31,1200.357833665461,10800.0
2025-08-01,1406.4136596537674,10800.0
2025-08-02,1366.4795120369004,10800.0
2025-08-03,1200.6564805354187,10800.0
2025-08-04,1200.3571517124446,10800.0
2025-08-05,1200.267142914274,10800.0
2025-08-06,1200.3228817246436,10800.0
2025-08-07,1200.2363748754208,10800.0
2025-08-08,1347.6126441394426,10800.0
2025-08-09,1253.691819472286,10800.0
2025-08-10,1200.0905441539455,10800.0
2025-08-11,1200.0810666099171,10800.0
2025-08-12,1200.0,10800.0
2025-08-13,1200.0,10800.0
2025-08-14,1235.260896634588,10800.0
2025-08-15,1232.8493989416913,10800.0
2025-08-16,1296.3763031056092,10800.0
2025-08-17,1200.0313350942226,10800.0
2025-08-18,1244.969932926236,10800.0
2025-08-19,1216.3353875977848,10800.0
2025-08-20,1200.0,10800.0
2025-08-21,1200.503813188406,10800.0
2025-08-22,1273.2480029752264,10800.0
2025-08-23,1263.1301889929532,10800.0
2025-08-24,1200.0,10800.0
2025-08-25,1200.0,10800.0
2025-08-26,1239.9234467422768,10800.0
2025-08-27,1200.0,10800.0
2025-08-28,1200.0,10800.0
2025-08-29,1230.3462608084983,10800.0
2025-08-30,1228.612631509612,10800.0
2025-08-31,1204.0717808825714,10800.0
2025-09-01,1201.9139959502536,10800.0
2025-09-02,1200.0,10800.0
2025-09-03,1200.0,10800.0
2025-09-04,1204.1637872263382,10800.0
2025-09-05,1207.9910540733158,10800.0
2025-09-06,1200.0,10800.0
2025-09-07,1200.0,10800.0
2025-09-08,1200.0,10800.0
2025-09-09,1200.0,10800.0
2025-09-10,1200.0,10800.0
2025-09-11,1200.0,10800.0
2025-09-12,1200.0,10800.0
2025-09-13,1200.0,10800.0
2025-09-14,1200.0,10800.0
2025-09-15,1200.0,10794.161869551603
2025-09-16,1200.0,10800.0
2025-09-17,1200.0,10800.0
2025-09-18,1200.0,10800.0
2025-09-19,1200.0,10800.0
2025-09-20,1200.0,10800.0
2025-09-21,1200.0,10800.0
2025-09-22,1200.0,10800.0
2025-09-23,1200.0,10800.0
2025-09-24,1200.0,10800.0
2025-09-25,1200.0,10800.0
2025-09-26,1200.0,10800.0
2025-09-27,1200.0,10800.0
2025-09-28,1200.0,10792.847973584097
2025-09-29,1200.0,10800.0
2025-09-30,1200.0,10800.0
2025-10-01,1200.0,10800.0
2025-10-02,1200.0,10800.0
2025-10-03,1200.0,10800.0
2025-10-04,1200.0,10800.0
2025-10-05,1200.0,10800.0
2025-10-06,1200.0,10795.413057587804
2025-10-07,1200.0,10800.0
2025-10-08,1200.0,10799.247325791028
2025-10-09,1200.0,10800.0
2025-10-10,1200.0,10800.0
2025-10-11,1200.0,10800.0
2025-10-12,1200.0,10796.335510844023
2025-10-13,1200.0,10799.915019728958
2025-10-14,1200.0,10800.0
2025-10-15,1200.0,10800.0
2025-10-16,1200.0,10796.197655829686
2025-10-17,1200.0,10800.0
2025-10-18,1200.0,10800.0
2025-10-19,1200.0,10797.255770751159
2025-10-20,1200.0,10800.0
2025-10-21,1200.0,10800.0
2025-10-22,1200.0,10800.0
2025-10-23,1200.0,10800.0
2025-10-24,1200.0,10800.0
2025-10-25,1200.0,10422.706373872272
2025-10-26,1200.0,10800.0
2025-10-27,1200.0,10800.0
2025-10-28,1200.0,10800.0
2025-10-29,1200.0,10797.84731989177
2025-10-30,1200.0,10798.056846623722
2025-10-31,1200.0,9989.440025891314
2025-11-01,1200.0,10444.947028365816
2025-11-02,1200.0,10800.0
2025-11-03,1200.0,10800.0
2025-11-04,1200.0,10800.0
2025-11-05,1200.0,10800.0
2025-11-06,1200.0,10800.0
2025-11-07,1200.0,10800.0
2025-11-08,1200.0,10665.060416281542
2025-11-09,1200.0,10798.68569622439
2025-11-10,1200.0,10798.81695943777
2025-11-11,1200.0,10800.0
2025-11-12,1200.0,10799.042015662906
2025-11-13,1200.0,10799.138252774044
2025-11-14,1200.0,10800.0
2025-11-15,1200.0,10800.0
2025-11-16,1200.0,10800.0
2025-11-17,1200.0,10800.0
2025-11-18,1200.0,10798.082230562017
2025-11-19,1200.0,10800.0
2025-11-20,1200.0,10798.446648855092
2025-11-21,1200.0,10800.0
2025-11-22,1200.0,10800.0
2025-11-23,1200.0,10800.0
2025-11-24,1200.0,10798.392278563306
2025-11-25,1200.0,10800.0
2025-11-26,1200.0,10800.0
2025-11-27,1200.0,10798.827546118473
2025-11-28,1200.0,10800.0
2025-11-29,1200.0,10800.0
2025-11-30,1200.0,10797.94732916026
2025-12-01,1200.0,10800.0
2025-12-02,1200.0,10800.0
2025-12-03,1200.0,10800.0
2025-12-04,1200.0,10800.0
2025-12-05,1200.0,10800.0
2025-12-06,1200.0,10800.0
2025-12-07,1200.0,10800.0
2025-12-08,1200.0,10800.0
2025-12-09,1200.0,10800.0
2025-12-10,1200.0,10800.0
2025-12-11,1200.0,10800.0
2025-12-12,1200.0,10800.0
2025-12-13,1200.0,10798.504834013545
2025-12-14,1200.0,10800.0
2025-12-15,1200.0,10800.0
2025-12-16,1200.0,10800.0
2025-12-17,1200.0,10800.0
2025-12-18,1200.0,10800.0
2025-12-19,1200.0,10798.988009706838
2025-12-20,1200.0,10798.72029007184
2025-12-21,1200.0,10800.0
2025-12-22,1200.0,10800.0
2025-12-23,1200.0,10800.0
2025-12-24,1200.0,10800.0
2025-12-25,1200.0,10800.0
2025-12-26,1200.0,10799.321700065826
2025-12-27,1200.0,10800.0
2025-12-28,1200.0,10800.0
2025-12-29,1200.0,10800.0
2025-12-30,1200.0,10800.0
2025-12-31,1200.0,10800.0
