滞后_小时,ACF
0.16666666666666666,0.9643434898350696
0.3333333333333333,0.901968216021197
0.5,0.8563862241837024
0.6666666666666666,0.8149701170732299
0.8333333333333334,0.7705500488141395
1.0,0.7246651294312566
1.1666666666666667,0.6725269186296621
1.3333333333333333,0.6172794439804249
1.5,0.5642635374852215
1.6666666666666667,0.5119603380646336
1.8333333333333333,0.4588826258960745
2.0,0.4076466468386886
2.1666666666666665,0.35993529413785114
2.3333333333333335,0.31377152016231846
2.5,0.26850558446787576
2.6666666666666665,0.22283942516230842
2.8333333333333335,0.17460455582005557
3.0,0.13344601900893027
3.1666666666666665,0.1092592232036074
3.3333333333333335,0.09244939731497887
3.5,0.07270623786391009
3.6666666666666665,0.05295138239305302
3.8333333333333335,0.035977261156530514
4.0,0.01845028697086187
4.166666666666667,-0.0022177960949113563
4.333333333333333,-0.023705757982836653
4.5,-0.0434259153875635
4.666666666666667,-0.06122268644230397
4.833333333333333,-0.07723191018400213
5.0,-0.09188050849366915
5.166666666666667,-0.10552213416230352
5.333333333333333,-0.11763842235680856
5.5,-0.12834603578627712
5.666666666666667,-0.13667000747439567
5.833333333333333,-0.14124011515574567
6.0,-0.14797936257137725
6.166666666666667,-0.16278013910320133
6.333333333333333,-0.17992486331932409
6.5,-0.1937181331270411
6.666666666666667,-0.2056104123227231
6.833333333333333,-0.21671510395435795
7.0,-0.22796488281282917
7.166666666666667,-0.24110505479961694
7.333333333333333,-0.2549252647886277
7.5,-0.2669191590820755
7.666666666666667,-0.2795305578135474
7.833333333333333,-0.2953452516900895
8.0,-0.303301790611976
8.166666666666666,-0.29373444101503804
8.333333333333334,-0.2776397391547724
8.5,-0.26434608259987086
8.666666666666666,-0.25375021014813626
8.833333333333334,-0.24703262539547297
9.0,-0.23151520569083062
9.166666666666666,-0.193923712015294
9.333333333333334,-0.14800296474650915
9.5,-0.10804035590044471
9.666666666666666,-0.07050139767973253
9.833333333333334,-0.03277706301767366
10.0,0.0021266652783800103
10.166666666666666,0.033085656594663775
10.333333333333334,0.061526210015836344
10.5,0.08809186978093911
10.666666666666666,0.11247209576528538
10.833333333333334,0.13484468001759273
11.0,0.15453514091272744
11.166666666666666,0.17060132830774005
11.333333333333334,0.1836965330234941
11.5,0.1943105770993772
11.666666666666666,0.20264457526920437
11.833333333333334,0.2092183667206934
12.0,0.2118077893721989
12.166666666666666,0.2080417873743384
12.333333333333334,0.20015757699289177
12.5,0.19043854603370025
12.666666666666666,0.1785115682458513
12.833333333333334,0.16419927697529993
13.0,0.14694688186093255
13.166666666666666,0.12608568643656243
13.333333333333334,0.10260485810016533
13.5,0.07711670650426
13.666666666666666,0.04943513645897844
13.833333333333334,0.02003144388484051
14.0,-0.011824657158651393
14.166666666666666,-0.047801475681572766
14.333333333333334,-0.08670205836257133
14.5,-0.1253558126514991
14.666666666666666,-0.1663905759363806
14.833333333333334,-0.21341491013378566
15.0,-0.25214385664773364
15.166666666666666,-0.26880747666107924
15.333333333333334,-0.27668265996299807
15.5,-0.28836906417181013
15.666666666666666,-0.3026789668066523
15.833333333333334,-0.31986257471934243
16.0,-0.3304750698254798
16.166666666666668,-0.3233074401182098
16.333333333333332,-0.30820078832091446
16.5,-0.29637269166589875
16.666666666666668,-0.28515697071539725
16.833333333333332,-0.2721158352487415
17.0,-0.25986354252912014
17.166666666666668,-0.24965378598803603
17.333333333333332,-0.23962795649184612
17.5,-0.22866286610457337
17.666666666666668,-0.2157817597784768
17.833333333333332,-0.1998473363780472
18.0,-0.18607984318092138
18.166666666666668,-0.17965855036632747
18.333333333333332,-0.1753020159924139
18.5,-0.16754228526545395
18.666666666666668,-0.1573588864634943
18.833333333333332,-0.1455574169417764
19.0,-0.1323134232584974
19.166666666666668,-0.1183058381076432
19.333333333333332,-0.1029419417912804
19.5,-0.08559711977043478
19.666666666666668,-0.06628847638170943
19.833333333333332,-0.045363845725469434
20.0,-0.025306993634442984
20.166666666666668,-0.008292503165339587
20.333333333333332,0.00815258033990787
20.5,0.02733987875726047
20.666666666666668,0.04662220793464717
20.833333333333332,0.0629911041818021
21.0,0.08657874376967668
21.166666666666668,0.12702238761960255
21.333333333333332,0.1745373174118828
21.5,0.21943804988474505
21.666666666666668,0.26386613770542144
21.833333333333332,0.3092602727435742
22.0,0.3562951205734674
22.166666666666668,0.4068485734227925
22.333333333333332,0.45928158552063425
22.5,0.5110656542687447
22.666666666666668,0.563565328941097
22.833333333333332,0.6181562574830015
23.0,0.6696104209049516
23.166666666666668,0.7144548476457838
23.333333333333332,0.7573976321003458
23.5,0.79868034313804
23.666666666666668,0.8434946744559356
23.833333333333332,0.8993984696583741
24.0,0.9298687528042531
24.166666666666668,0.8990634639734105
24.333333333333332,0.8428880560236822
24.5,0.7978514746961044
24.666666666666668,0.7564043776676811
24.833333333333332,0.7133800944522769
25.0,0.6683657287560592
25.166666666666668,0.6165939755492045
25.333333333333332,0.561825183973516
25.5,0.5092483289650768
25.666666666666668,0.45719036585310435
25.833333333333332,0.4044179541316976
26.0,0.3536419044716399
26.166666666666668,0.30637689850751826
26.333333333333332,0.2606553048586601
26.5,0.215876667441892
26.666666666666668,0.17071963692409692
26.833333333333332,0.1230375159204154
27.0,0.08235913758539669
27.166666666666668,0.05845651951038581
27.333333333333332,0.04190697621844086
27.5,0.022555806490403542
27.666666666666668,0.0031984135502353796
27.833333333333332,-0.013485644784296437
28.0,-0.030670552431348513
28.166666666666668,-0.05088961105760234
28.333333333333332,-0.07209620298760859
28.5,-0.0916569567402584
28.666666666666668,-0.10907666540231552
28.833333333333332,-0.12455221049674048
29.0,-0.1387523804198102
29.166666666666668,-0.15203784120135355
29.333333333333332,-0.163795660379355
29.5,-0.17413181494782798
29.666666666666668,-0.18220542126358438
29.833333333333332,-0.18674532120700557
30.0,-0.1934155365403186
30.166666666666668,-0.20787427623367186
30.333333333333332,-0.22465380743235908
30.5,-0.2381895756799393
30.666666666666668,-0.24973476408399287
30.833333333333332,-0.26040099876505557
31.0,-0.27125000469415955
31.166666666666668,-0.2840139484274561
31.333333333333332,-0.2974231816577976
31.5,-0.3090306522381184
31.666666666666668,-0.32133443997444744
31.833333333333332,-0.3368454664857229
32.0,-0.34453491446080314
32.166666666666664,-0.3348390925274714
32.333333333333336,-0.3186578445058556
32.5,-0.30522256476621623
32.666666666666664,-0.29451023996681547
32.833333333333336,-0.2877553906456422
33.0,-0.2721656248755022
33.166666666666664,-0.23434703652205305
33.333333333333336,-0.1881115820542245
33.5,-0.14788898743671483
33.666666666666664,-0.11011513949441815
33.833333333333336,-0.07207719682724881
34.0,-0.03698031335184764
34.166666666666664,-0.006142608977479377
34.333333333333336,0.022127772994208886
34.5,0.04865741901377317
34.666666666666664,0.07298016772836975
34.833333333333336,0.0952403162004133
35.0,0.11492053763195531
35.166666666666664,0.13116138686836987
35.333333333333336,0.1445025127921568
35.5,0.15526115013552275
35.666666666666664,0.16372524156641327
35.833333333333336,0.17063563676343194
36.0,0.17346931708620023
36.166666666666664,0.16947183801021704
36.333333333333336,0.1612384772284823
36.5,0.15139705228286088
36.666666666666664,0.13935234480942332
36.833333333333336,0.12476031827047228
37.0,0.10726795795728768
37.166666666666664,0.08641069782465528
37.333333333333336,0.06308385278380549
37.5,0.03777052342272164
37.666666666666664,0.010258547740026467
37.833333333333336,-0.019067175441528954
38.0,-0.05099373003847227
38.166666666666664,-0.08713620622838633
38.333333333333336,-0.12625230225883644
38.5,-0.16516393455620446
38.666666666666664,-0.20649735765363797
38.833333333333336,-0.25383035868123643
39.0,-0.29277314652722913
39.166666666666664,-0.30952990544237774
39.333333333333336,-0.31753629694949703
39.5,-0.3294470911806856
39.666666666666664,-0.34393501691203193
39.833333333333336,-0.361197769906904
40.0,-0.37190138713965404
40.166666666666664,-0.3649487677094836
40.333333333333336,-0.3501791060843882
40.5,-0.33872365336740357
40.666666666666664,-0.327853352199539
40.833333333333336,-0.31515937494514623
41.0,-0.3033042666962453
41.166666666666664,-0.29349785226191466
41.333333333333336,-0.2838093152577372
41.5,-0.27318191428816496
41.666666666666664,-0.26068712991560633
41.833333333333336,-0.24503947296007367
42.0,-0.2314501816549501
42.166666666666664,-0.22526378616984744
42.333333333333336,-0.22118703715175958
42.5,-0.21368819687239435
42.666666666666664,-0.20378011063049215
42.833333333333336,-0.19227546485849115
43.0,-0.17937416853064653
43.166666666666664,-0.1658049674792085
43.333333333333336,-0.150923804255712
43.5,-0.13399332425529448
43.666666666666664,-0.11499465850111475
43.833333333333336,-0.0943489126946034
44.0,-0.07460521493594544
44.166666666666664,-0.05788730765182179
44.333333333333336,-0.041637650822693835
44.5,-0.022598270496088264
44.666666666666664,-0.0035313652743814193
44.833333333333336,0.012549865806502566
45.0,0.03576994135709588
45.166666666666664,0.07576790613777079
45.333333333333336,0.12287999353525471
45.5,0.16744709401616137
45.666666666666664,0.21148563780288235
45.833333333333336,0.25640503416939725
46.0,0.30302082392101
46.166666666666664,0.35333090297816283
46.333333333333336,0.40560528061761836
46.5,0.4571076688291902
46.666666666666664,0.5092622489987364
46.833333333333336,0.5637030797532498
47.0,0.614955409897692
47.166666666666664,0.6591389670896529
47.333333333333336,0.701239821266256
47.5,0.7418572265264394
47.666666666666664,0.7860019148745252
47.833333333333336,0.8411376706995116
48.0,0.871358320320628
48.166666666666664,0.8412127314848699
48.333333333333336,0.7859108037542427
48.5,0.7414667474585945
48.666666666666664,0.7006316647832572
48.833333333333336,0.658372858903453
49.0,0.6140722056338078
49.166666666666664,0.5627817394711264
49.333333333333336,0.5082719319546042
49.5,0.4559738477092498
49.666666666666664,0.40430792167409996
49.833333333333336,0.3518268934593966
50.0,0.30134155685005337
50.166666666666664,0.2546214217277853
50.333333333333336,0.2094760716800044
50.5,0.16513476207577552
50.666666666666664,0.12046951308120973
50.833333333333336,0.07339174152214369
51.0,0.03329061977767823
51.166666666666664,0.009861175672389675
51.333333333333336,-0.006283166792513765
51.5,-0.02527012710912705
51.666666666666664,-0.0442869262932904
51.833333333333336,-0.06059545174431364
52.0,-0.07738540525883122
52.166666666666664,-0.09720313772468143
52.333333333333336,-0.11790052339799918
52.5,-0.13686530270273065
52.666666666666664,-0.15370454445316722
52.833333333333336,-0.1685890090852143
53.0,-0.1822827932230379
53.166666666666664,-0.19526410221438836
53.333333333333336,-0.2067343008922253
53.5,-0.21666640287045927
53.666666666666664,-0.22430633768305555
53.833333333333336,-0.22839136938598636
54.0,-0.2345165366443877
54.166666666666664,-0.2483186587880143
54.333333333333336,-0.26433764540167937
54.5,-0.2770455126866418
54.666666666666664,-0.2877933676553101
54.833333333333336,-0.29776878714022853
55.0,-0.3079588816520816
55.166666666666664,-0.3200150202661537
55.333333333333336,-0.33274180913250734
55.5,-0.3437289741603934
55.666666666666664,-0.3554065692146974
55.833333333333336,-0.3702815668673854
56.0,-0.3773754054699103
56.166666666666664,-0.36713060758300803
56.333333333333336,-0.3504209598384703
56.5,-0.33646212062525255
56.666666666666664,-0.3252055809030712
56.833333333333336,-0.3178329033459505
57.0,-0.3015427892418394
57.166666666666664,-0.2630047659526164
57.333333333333336,-0.21608650309861172
57.5,-0.17520087223240877
57.666666666666664,-0.13673416759320597
57.833333333333336,-0.09799395258621342
58.0,-0.06229690690633258
58.166666666666664,-0.031020331081802122
58.333333333333336,-0.0023809987402054417
58.5,0.024537324893316302
58.666666666666664,0.049274293098497395
58.833333333333336,0.0719997895937198
59.0,0.09220803590735727
59.166666666666664,0.1089778863625996
59.333333333333336,0.12283309833344487
59.5,0.1342170466706054
59.666666666666664,0.14343670371950468
59.833333333333336,0.15098809781957478
60.0,0.15426900790020542
60.166666666666664,0.15069284086992313
60.333333333333336,0.1429166401074659
60.5,0.13358204956017164
60.666666666666664,0.12206603356407175
60.833333333333336,0.10791227989136126
61.0,0.09090642156128348
61.166666666666664,0.0706971519976569
61.333333333333336,0.04789167795866168
61.5,0.022950002010810624
61.666666666666664,-0.0040353844212135835
61.833333333333336,-0.03271657938799985
62.0,-0.06405990525376432
62.166666666666664,-0.09965963547105373
62.333333333333336,-0.13821180293708688
62.5,-0.17655965476079333
62.666666666666664,-0.21738320371811282
62.833333333333336,-0.2642717853996437
63.0,-0.302794459417698
63.166666666666664,-0.3190891437935793
63.333333333333336,-0.3265503391055423
63.5,-0.33787800920999395
63.666666666666664,-0.35181270046079055
63.833333333333336,-0.3685740305918246
64.0,-0.37891165861080334
64.16666666666667,-0.37178496399645455
64.33333333333333,-0.35689386421695035
64.5,-0.345246874741297
64.66666666666667,-0.33413916020768863
64.83333333333333,-0.32120245835846173
65.0,-0.30910997214597496
65.16666666666667,-0.29904807320179966
65.33333333333333,-0.28906300469439383
65.5,-0.2781662143215801
65.66666666666667,-0.26543780052697197
65.83333333333333,-0.24947464908733633
66.0,-0.2355849642045629
66.16666666666667,-0.22928278727250875
66.33333333333333,-0.22513590257764204
66.5,-0.21749684092802357
66.66666666666667,-0.20749144625248608
66.83333333333333,-0.19598091345795313
67.0,-0.18305036130670246
67.16666666666667,-0.1693286907333205
67.33333333333333,-0.15424715733477012
67.5,-0.13723807463369858
67.66666666666667,-0.11829294673066007
67.83333333333333,-0.09763317574384675
68.0,-0.07770241243092467
68.16666666666667,-0.06077406121858427
68.33333333333333,-0.044477434781560805
68.5,-0.025537845464804778
68.66666666666667,-0.006513197269367328
68.83333333333333,0.00971181555693071
69.0,0.03311136973143526
69.16666666666667,0.07308899641575699
69.33333333333333,0.1200164987371965
69.5,0.16450528713156717
69.66666666666667,0.20866991425132875
69.83333333333333,0.2536898653327443
70.0,0.30022861066368156
70.16666666666667,0.35037711121900406
70.33333333333333,0.40249885803266106
70.5,0.4538778661712981
70.66666666666667,0.505910614044249
70.83333333333333,0.5601934258556698
71.0,0.6113043338298801
71.16666666666667,0.6554152303547305
71.33333333333333,0.6974409441719285
71.5,0.7379622267263571
71.66666666666667,0.7820464512299635
71.83333333333333,0.8371215150561804
72.0,0.8672459784645092
72.16666666666667,0.8370993969642757
72.33333333333333,0.78204612541366
72.5,0.7379588469902096
72.66666666666667,0.6973188589069664
72.83333333333333,0.6551051287737282
73.0,0.6108627536768289
73.16666666666667,0.5596825250460666
73.33333333333333,0.5052989017157923
73.5,0.45318928623404353
73.66666666666667,0.4018280996525852
73.83333333333333,0.34967183932378226
74.0,0.2993886720890683
74.16666666666667,0.2528034120370256
74.33333333333333,0.2078935293572144
74.5,0.16378964172297913
74.66666666666667,0.11920856993913251
74.83333333333333,0.07221749858111293
75.0,0.032252929260681594
75.16666666666667,0.008861901753014894
75.33333333333333,-0.007262931438899941
75.5,-0.02610594184290274
75.66666666666667,-0.04496222175926882
75.83333333333333,-0.06127231173747462
76.0,-0.07812788013364383
76.16666666666667,-0.09788197793389161
76.33333333333333,-0.11845647395671596
76.5,-0.13737640038282645
76.66666666666667,-0.1542438887594583
76.83333333333333,-0.1691886689512972
77.0,-0.18292578195156847
77.16666666666667,-0.19588349235268013
77.33333333333333,-0.20728717855838297
77.5,-0.21717305248329594
77.66666666666667,-0.22479651484256552
77.83333333333333,-0.22885766907205193
78.0,-0.23495960479876477
78.16666666666667,-0.24870604795033388
78.33333333333333,-0.2645496462817664
78.5,-0.27711469645036463
78.66666666666667,-0.2878690627496607
78.83333333333333,-0.2977401507959657
79.0,-0.3076928334728327
79.16666666666667,-0.319640393006886
79.33333333333333,-0.33233885711741334
79.5,-0.343251974051731
79.66666666666667,-0.3548465800074005
79.83333333333333,-0.3696298753611252
80.0,-0.37664577108491737
80.16666666666667,-0.36645112393807105
80.33333333333333,-0.3499058322856084
80.5,-0.3359828133903118
80.66666666666667,-0.32454477385864144
80.83333333333333,-0.31709044349160226
81.0,-0.3010151822806758
81.16666666666667,-0.26274470968712643
81.33333333333333,-0.2159031317455204
81.5,-0.17504860275251508
81.66666666666667,-0.13675593437526593
81.83333333333333,-0.098159176148779
82.0,-0.06244684782716553
82.16666666666667,-0.03114203379700415
82.33333333333333,-0.0025384196852787757
82.5,0.024368462087742373
82.66666666666667,0.049130830775165765
82.83333333333333,0.07178790599360127
83.0,0.09187559810015213
83.16666666666667,0.10864325278935781
83.33333333333333,0.12254345550927721
83.5,0.13383553827496306
83.66666666666667,0.1429014759627807
83.83333333333333,0.1504817336073923
84.0,0.15390312148298077
84.16666666666667,0.1503447549698887
84.33333333333333,0.14253422533787305
84.5,0.13320424813658377
84.66666666666667,0.12171773781431636
84.83333333333333,0.10767807281526343
85.0,0.09073715214735288
85.16666666666667,0.07045960195354757
85.33333333333333,0.04774535921096226
85.5,0.023025627633689084
85.66666666666667,-0.003923770707755661
85.83333333333333,-0.032627761702891986
86.0,-0.06386521133670815
86.16666666666667,-0.09934744447101211
86.33333333333333,-0.13784972541261548
86.5,-0.17612455000248006
86.66666666666667,-0.21675130207034402
86.83333333333333,-0.2633581610762797
87.0,-0.3016814196254889
87.16666666666667,-0.31791422041049544
87.33333333333333,-0.32532905180976174
87.5,-0.33663112874239826
87.66666666666667,-0.3505559504509688
87.83333333333333,-0.36714581943068386
88.0,-0.3773363805027486
88.16666666666667,-0.37034685044869253
88.33333333333333,-0.355597584616448
88.5,-0.3440084846408321
88.66666666666667,-0.33312873735432363
88.83333333333333,-0.32046317080646153
89.0,-0.3084762714968577
89.16666666666667,-0.2984335753760207
89.33333333333333,-0.2884649813871216
89.5,-0.2775795434635576
89.66666666666667,-0.26489755280204846
89.83333333333333,-0.2490652245223524
90.0,-0.2353002517384426
90.16666666666667,-0.2290201754870696
90.33333333333333,-0.2248727338735527
90.5,-0.21725960270997577
90.66666666666667,-0.20724775135696655
90.83333333333333,-0.19569349603702263
91.0,-0.18272187604261925
91.16666666666667,-0.1689919871256154
91.33333333333333,-0.1539471905665325
91.5,-0.13699276266105867
91.66666666666667,-0.11811212412615697
91.83333333333333,-0.09756418636628582
92.0,-0.07776393515284735
92.16666666666667,-0.060896325559423085
92.33333333333333,-0.04459302989772105
92.5,-0.025677508160915605
92.66666666666667,-0.006733868055629184
92.83333333333333,0.009436891200026906
93.0,0.03281956009636432
93.16666666666667,0.07275732961526657
93.33333333333333,0.11962337492748937
93.5,0.1640174002728188
93.66666666666667,0.20801403543518862
93.83333333333333,0.2528288524816343
94.0,0.2991732908447456
94.16666666666667,0.3491309276084792
94.33333333333333,0.4010413911757505
94.5,0.45217202085242386
94.66666666666667,0.5039545909311907
94.83333333333333,0.5580496699306692
95.0,0.6089967156069084
95.16666666666667,0.652911744837845
95.33333333333333,0.6947771836965999
95.5,0.7351686397434425
95.66666666666667,0.779032354783533
95.83333333333333,0.8338268739268273
96.0,0.863844856249915
96.16666666666667,0.8338718176253795
96.33333333333333,0.7790625940219972
96.5,0.7351339032347104
96.66666666666667,0.6946722306347619
96.83333333333333,0.6527445471027532
97.0,0.6087734223801353
97.16666666666667,0.5577562775230448
97.33333333333333,0.5035406348047978
97.5,0.45161466337048095
97.66666666666667,0.40038678437199204
97.83333333333333,0.3484141320429173
98.0,0.2983499700986186
98.16666666666667,0.2519051206119216
98.33333333333333,0.2071348070288424
98.5,0.16317957382519513
98.66666666666667,0.11867665416479364
98.83333333333333,0.07178428806476476
99.0,0.031946058457491655
99.16666666666667,0.008580520461458031
99.33333333333333,-0.007591792070734103
99.5,-0.026478948498938
99.66666666666667,-0.045392462545511804
99.83333333333333,-0.06177071663566064
100.0,-0.07863746920622018
100.16666666666667,-0.09832494158883735
100.33333333333333,-0.11883943306519423
100.5,-0.13773607939364008
100.66666666666667,-0.15455233950999575
100.83333333333333,-0.16938883692937243
101.0,-0.18297862490483782
101.16666666666667,-0.19582410803849667
101.33333333333333,-0.20722971783069394
101.5,-0.21716286914636662
101.66666666666667,-0.22480794066466547
101.83333333333333,-0.22893098943922693
102.0,-0.2350579743146829
102.16666666666667,-0.24871631720906057
102.33333333333333,-0.2645405490964041
102.5,-0.2770842298846629
102.66666666666667,-0.2876339009608558
102.83333333333333,-0.29736138662503675
103.0,-0.3073337940135665
103.16666666666667,-0.31925100107544907
103.33333333333333,-0.3318793518543444
103.5,-0.3427698203534718
103.66666666666667,-0.3543813230401833
103.83333333333333,-0.3692441821584775
104.0,-0.3762998341664634
104.16666666666667,-0.3659815378638782
104.33333333333333,-0.3492972117875926
104.5,-0.3354018507524477
104.66666666666667,-0.32407689901951536
104.83333333333333,-0.31662007036110257
105.0,-0.3004427918402902
105.16666666666667,-0.2622057001631388
105.33333333333333,-0.2156276764122487
105.5,-0.1750540085069873
105.66666666666667,-0.13690520302684275
105.83333333333333,-0.09846487530347844
106.0,-0.0629370498237402
106.16666666666667,-0.0317013234708712
106.33333333333333,-0.003125321918435692
106.5,0.023741764622685808
106.66666666666667,0.04850376708402295
106.83333333333333,0.07114271992817445
107.0,0.0912148191685647
107.16666666666667,0.10799008062288058
107.33333333333333,0.12177166845309488
107.5,0.13293650567758267
107.66666666666667,0.142064649318213
107.83333333333333,0.1496831286162416
108.0,0.15304277499563287
108.16666666666667,0.14951591313294274
108.33333333333333,0.1417682121493106
108.5,0.13243813583029454
108.66666666666667,0.12096385498542488
108.83333333333333,0.10695835546858148
109.0,0.09006217319960902
109.16666666666667,0.0698449509241106
109.33333333333333,0.047149374156683826
109.5,0.022413351704822705
109.66666666666667,-0.004483861598060277
109.83333333333333,-0.03304975542418601
110.0,-0.06415292285070652
110.16666666666667,-0.0995135152473323
110.33333333333333,-0.137802169881726
110.5,-0.175830053457263
110.66666666666667,-0.2163206517136018
110.83333333333333,-0.26282406338377784
111.0,-0.30097174118031605
111.16666666666667,-0.3170585044812916
111.33333333333333,-0.3244616148481563
111.5,-0.3357568588030389
111.66666666666667,-0.3495874027993727
111.83333333333333,-0.3661469423296801
112.0,-0.37634594869053356
112.16666666666667,-0.3692929597006079
112.33333333333333,-0.3545753505200796
112.5,-0.34311144981585023
112.66666666666667,-0.33225913142359786
112.83333333333333,-0.3195994441503569
113.0,-0.3076538825059689
113.16666666666667,-0.2976604137179623
113.33333333333333,-0.2878750507064953
113.5,-0.277218245755488
113.66666666666667,-0.2645952824606392
113.83333333333333,-0.24879716544182678
114.0,-0.23518786449825924
114.16666666666667,-0.22899179642523118
114.33333333333333,-0.22469582246724565
114.5,-0.2168868806816772
114.66666666666667,-0.20686283948454795
114.83333333333333,-0.19540808447267405
115.0,-0.18250483090063063
115.16666666666667,-0.16881013784763546
115.33333333333333,-0.15380155934021128
115.5,-0.136888743530845
115.66666666666667,-0.11804136465038571
115.83333333333333,-0.09750044597065265
116.0,-0.07767755771227242
116.16666666666667,-0.060763960560983744
116.33333333333333,-0.044387591618924374
116.5,-0.02539902814315755
116.66666666666667,-0.006403401002150746
116.83333333333333,0.009821491903058019
117.0,0.03319006772121622
117.16666666666667,0.07298227908441175
117.33333333333333,0.11968568963999768
117.5,0.16393969919010068
117.66666666666667,0.20777028774610595
117.83333333333333,0.2524864891672576
118.0,0.2988382852743868
118.16666666666667,0.3487795606386405
118.33333333333333,0.40055024202148565
118.5,0.4514229795569293
118.66666666666667,0.5029038568257234
118.83333333333333,0.55674099387735
119.0,0.6074734400134547
119.16666666666667,0.6511376926027217
119.33333333333333,0.6927063016146517
119.5,0.732854440239599
119.66666666666667,0.7765019161077824
119.83333333333333,0.8309691877413368
120.0,0.8607922265939474
120.16666666666667,0.8310687191900904
120.33333333333333,0.7767020252445515
120.5,0.7331149158060613
120.66666666666667,0.6929339991970715
120.83333333333333,0.6512711200007247
121.0,0.6075781357828703
121.16666666666667,0.5568950043204242
121.33333333333333,0.5030060634190152
121.5,0.45134221625998633
121.66666666666667,0.40033743625691853
121.83333333333333,0.34858036482312
122.0,0.29876161123512696
122.16666666666667,0.25259315933079407
122.33333333333333,0.20808499268331987
122.5,0.16443559643153627
122.66666666666667,0.12032010672709928
122.83333333333333,0.07373516293839753
123.0,0.034053787616132834
123.16666666666667,0.010788246065947344
123.33333333333333,-0.005335673093351915
123.5,-0.02421752523418025
123.66666666666667,-0.043058058798594735
123.83333333333333,-0.05924296743804986
124.0,-0.0758800675974069
124.16666666666667,-0.09537629239965521
124.33333333333333,-0.11569885596251755
124.5,-0.13439336844935867
124.66666666666667,-0.1510241252273892
124.83333333333333,-0.16564390884320543
125.0,-0.17902535532461036
125.16666666666667,-0.19176673554238916
125.33333333333333,-0.20309204232854636
125.5,-0.21283524845984764
125.66666666666667,-0.2202554458994764
125.83333333333333,-0.22427187476513205
126.0,-0.2302373380628556
126.16666666666667,-0.24344028186010744
126.33333333333333,-0.25871153743095854
126.5,-0.2708583823830451
126.66666666666667,-0.2810569123440576
126.83333333333333,-0.2902859867561325
127.0,-0.29972352828339266
127.16666666666667,-0.31132015742520125
127.33333333333333,-0.3238063314495455
127.5,-0.33445864633692174
127.66666666666667,-0.3456565731405408
127.83333333333333,-0.3601412993267909
128.0,-0.3668926589101705
128.16666666666666,-0.35617778047835674
128.33333333333334,-0.33903535113918304
128.5,-0.32472205572697327
128.66666666666666,-0.31297523188722587
128.83333333333334,-0.3050680477342392
129.0,-0.2885335753318678
129.16666666666666,-0.2500627778078525
129.33333333333334,-0.20317612139936442
129.5,-0.16218821119980834
129.66666666666666,-0.12374387887890896
129.83333333333334,-0.08519102146793629
130.0,-0.049519118191231296
130.16666666666666,-0.017912098288492797
130.33333333333334,0.01116702913215508
130.5,0.038412505472752836
130.66666666666666,0.06343406202067575
130.83333333333334,0.08648683109325052
131.0,0.10707932296171506
131.16666666666666,0.1242444676066755
131.33333333333334,0.1384121975011276
131.5,0.15007272050420925
131.66666666666666,0.15963185404529362
131.83333333333334,0.16755117842329476
132.0,0.1712908856394865
132.16666666666666,0.16835582311886155
132.33333333333334,0.1612339578199376
132.5,0.15243296771833542
132.66666666666666,0.14153267966564156
132.83333333333334,0.12825792118261758
133.0,0.11205716216105215
133.16666666666666,0.09228613211964219
133.33333333333334,0.06991939480497678
133.5,0.045632480482895324
133.66666666666666,0.019287768324668605
133.83333333333334,-0.008770279164903859
134.0,-0.03932037850256246
134.16666666666666,-0.07389848750820208
134.33333333333334,-0.1112724122247884
134.5,-0.14841775268714308
134.66666666666666,-0.18804994946786294
134.83333333333334,-0.23368907690073015
135.0,-0.27103920804041765
135.16666666666666,-0.28641108250609304
135.33333333333334,-0.293078658771465
135.5,-0.30365158210929305
135.66666666666666,-0.3168355368779842
135.83333333333334,-0.3327100466412619
136.0,-0.34224146050018084
136.16666666666666,-0.3347027844970515
136.33333333333334,-0.3195665542764549
136.5,-0.3076392917994636
136.66666666666666,-0.2963230382915523
136.83333333333334,-0.28315770147351366
137.0,-0.2706367046385607
137.16666666666666,-0.2600804750417392
137.33333333333334,-0.24979218481115759
137.5,-0.23865466550001807
137.66666666666666,-0.22552346645787918
137.83333333333334,-0.20918187077879272
138.0,-0.19504896202091626
138.16666666666666,-0.18845240991256043
138.33333333333334,-0.18390342733077714
138.5,-0.1758370629478136
138.66666666666666,-0.16543940845462515
138.83333333333334,-0.15359989983043346
139.0,-0.1403563447790246
139.16666666666666,-0.12632013470696252
139.33333333333334,-0.1109979223079624
139.5,-0.09375972532779418
139.66666666666666,-0.07450411180945118
139.83333333333334,-0.0535939658032903
140.0,-0.03356228846765231
140.16666666666666,-0.016466232209370196
140.33333333333334,0.000260019595780874
140.5,0.0196827665519368
140.66666666666666,0.039025908660776584
140.83333333333334,0.05556741729845362
141.0,0.07926789703698808
141.16666666666666,0.11935716958736538
141.33333333333334,0.16635872710279762
141.5,0.21092120630231592
141.66666666666666,0.2550542521800824
141.83333333333334,0.3000857184613701
142.0,0.34661741661728085
142.16666666666666,0.39649450841031936
142.33333333333334,0.4481981627320229
142.5,0.49915794628827465
142.66666666666666,0.5506737592898601
142.83333333333334,0.6043467475379847
143.0,0.6549647570698499
143.16666666666666,0.6988331715005007
143.33333333333334,0.740769247020708
143.5,0.7812263218442422
143.66666666666666,0.8251797838239289
143.83333333333334,0.8800086185645245
144.0,0.9100197779432511
144.16666666666666,0.8801539682404059
144.33333333333334,0.8255662633779977
144.5,0.7818160667025932
144.66666666666666,0.741373176226584
144.83333333333334,0.6993779095341459
145.0,0.6555427104543641
145.16666666666666,0.6049861325227509
145.33333333333334,0.5512637313153479
145.5,0.49970085436634576
145.66666666666666,0.448875841698867
145.83333333333334,0.39738555683528404
146.0,0.3476883745570116
146.16666666666666,0.3013777683116841
146.33333333333334,0.25664333520928967
146.5,0.21281661640488114
146.66666666666666,0.1685766612596743
146.83333333333334,0.12196176999546202
147.0,0.08221149235814995
147.16666666666666,0.05871780900890369
147.33333333333334,0.04243948054803084
147.5,0.023553653802119337
147.66666666666666,0.0046285144518129475
147.83333333333334,-0.011768005416687754
148.0,-0.028625828587585906
148.16666666666666,-0.04828821381781827
148.33333333333334,-0.06873312131502018
148.5,-0.08760415847968718
148.66666666666666,-0.10453020744399165
148.83333333333334,-0.11947326382293481
149.0,-0.13309937873095662
149.16666666666666,-0.14601084584429394
149.33333333333334,-0.15750540866495463
149.5,-0.16749089447914417
149.66666666666666,-0.175229545353609
149.83333333333334,-0.17954834325657618
150.0,-0.1856900502014864
150.16666666666666,-0.19895227507446203
150.33333333333334,-0.21428689386946664
150.5,-0.22654110122328974
150.66666666666666,-0.23683940946554544
150.83333333333334,-0.2461918465032132
151.0,-0.25585817153654666
151.16666666666666,-0.2676967108279397
151.33333333333334,-0.28025477035878427
151.5,-0.29096199523052957
151.66666666666666,-0.30237192387982365
151.83333333333334,-0.3169822649608743
152.0,-0.3237753825170696
152.16666666666666,-0.3132649590268863
152.33333333333334,-0.29633813404373155
152.5,-0.28215262370796595
152.66666666666666,-0.27057565300638386
152.83333333333334,-0.26286650083539204
153.0,-0.24668095521908623
153.16666666666666,-0.20883392895477898
153.33333333333334,-0.1625548929401942
153.5,-0.1219892827872147
153.66666666666666,-0.08396428023443377
153.83333333333334,-0.045862687462000264
154.0,-0.010534995595513083
154.16666666666666,0.02089437907316883
154.33333333333334,0.0499128365380195
154.5,0.07714162602954433
154.66666666666666,0.10216354384144602
154.83333333333334,0.12520593121014126
155.0,0.1456576853079702
155.16666666666666,0.16251511755516404
155.33333333333334,0.1763911181024602
155.5,0.18785835371538984
155.66666666666666,0.19718432232195077
155.83333333333334,0.204789117212016
156.0,0.20831881205991093
156.16666666666666,0.20542133055166908
156.33333333333334,0.19847476734714697
156.5,0.18986412391198887
156.66666666666666,0.1791737804356555
156.83333333333334,0.16611521549170805
157.0,0.1500899655922456
157.16666666666666,0.13041737533186495
157.33333333333334,0.10807931187406812
157.5,0.0838323722582034
157.66666666666666,0.05750918027607632
157.83333333333334,0.029336803080360616
158.0,-0.00122167741845168
158.16666666666666,-0.035412295651251244
158.33333333333334,-0.07225490503060279
158.5,-0.10897954846011884
158.66666666666666,-0.14814846252291264
158.83333333333334,-0.19318213932364342
159.0,-0.2300126110852614
159.16666666666666,-0.24515406242826984
159.33333333333334,-0.2517304687624958
159.5,-0.26215786900275173
159.66666666666666,-0.27518058362609366
159.83333333333334,-0.29096323157996606
160.0,-0.30043038658201204
160.16666666666666,-0.29280307338236367
160.33333333333334,-0.2775741946996701
160.5,-0.2654588707338149
160.66666666666666,-0.25381434748658
160.83333333333334,-0.24040584934718484
161.0,-0.22781110303935215
161.16666666666666,-0.21716780616992093
161.33333333333334,-0.20670918694894877
161.5,-0.19541245399878848
161.66666666666666,-0.18220677166729163
161.83333333333334,-0.16583296645156223
162.0,-0.15158774351272145
162.16666666666666,-0.14475948688698717
162.33333333333334,-0.13998417423627946
162.5,-0.13176127575416285
162.66666666666666,-0.12120552598069138
162.83333333333334,-0.10916538989213243
163.0,-0.09566275537134274
163.16666666666666,-0.08130737378989805
163.33333333333334,-0.06567772615705163
163.5,-0.04821473120678684
163.66666666666666,-0.02883643776060291
163.83333333333334,-0.007867744656831993
164.0,0.012293627738929119
164.16666666666666,0.02961225209438315
164.33333333333334,0.04646930275192537
164.5,0.06597193956487743
164.66666666666666,0.08552454731035469
164.83333333333334,0.1022981365705553
165.0,0.12615919057837177
165.16666666666666,0.16638941605150626
165.33333333333334,0.2134644808060721
165.5,0.2580657095563978
165.66666666666666,0.302323425552271
165.83333333333334,0.34749443979023065
166.0,0.39402917852184266
166.16666666666666,0.44373662108597084
166.33333333333334,0.49517588663956597
166.5,0.54593481056615
166.66666666666666,0.5973380925241097
166.83333333333334,0.6508572617419609
167.0,0.7014090247116371
167.16666666666666,0.7454751295978717
167.33333333333334,0.7876449501728197
167.5,0.8282018458698283
167.66666666666666,0.8723038335578398
167.83333333333334,0.9274165540115558
168.0,0.957595227207405
