星期,时刻_h,小区负载,光伏出力,实时电价
周一,0.083,3730.6054,0.0,0.4526
周一,0.25,3716.0721,0.0,0.4498
周一,0.417,3693.8321,0.0,0.4518
周一,0.583,3695.2808,0.0,0.4545
周一,0.75,3715.362,0.0,0.4547
周一,0.917,3741.4925,0.0,0.4538
周一,1.083,3757.5979,0.0,0.4553
周一,1.25,3729.5271,0.0,0.4559
周一,1.417,3701.414,0.0,0.4563
周一,1.583,3753.068,0.0,0.4609
周一,1.75,3781.3881,0.0,0.465
周一,1.917,3766.0265,0.0,0.4627
周一,2.083,3783.6944,0.0,0.4544
周一,2.25,3784.7166,0.0,0.4617
周一,2.417,3753.3883,0.0,0.474
周一,2.583,3736.0146,0.0,0.4597
周一,2.75,3757.1441,0.0,0.4528
周一,2.917,3793.2675,0.0,0.4631
周一,3.083,3800.1609,0.0002,0.4669
周一,3.25,3815.2077,0.0,0.4684
周一,3.417,3826.9479,0.0,0.4681
周一,3.583,3787.4139,0.003,0.4605
周一,3.75,3777.2422,0.0012,0.4599
周一,3.917,3814.7221,0.0,0.4671
周一,4.083,3836.7314,0.0421,0.4679
周一,4.25,3836.2317,0.0167,0.4657
周一,4.417,3836.6446,0.0,0.465
周一,4.583,3858.9247,0.5862,0.4662
周一,4.75,3855.4064,0.2333,0.4671
周一,4.917,3825.2404,0.282,0.4654
周一,5.083,3824.1316,18.2756,0.4625
周一,5.25,3871.6922,53.4427,0.4725
周一,5.417,3847.0063,107.2442,0.4536
周一,5.583,3706.9012,181.8974,0.3935
周一,5.75,4188.8944,273.3099,0.6066
周一,5.917,5010.4117,384.6368,0.9662
周一,6.083,5084.8621,521.1705,1.0006
周一,6.25,4950.7727,675.2856,0.9403
周一,6.417,4983.4163,846.7608,0.9411
周一,6.583,5009.4452,1042.5197,0.9246
周一,6.75,4993.8451,1266.8618,0.9003
周一,6.917,4969.8985,1520.0055,0.8785
周一,7.083,4985.0807,1798.706,0.8531
周一,7.25,5029.2139,2099.531,0.8449
周一,7.417,4959.2406,2412.0822,0.8112
周一,7.583,4784.7679,2721.9117,0.7293
周一,7.75,5523.4307,3035.8906,0.9164
周一,7.917,6733.2165,3341.3149,1.2507
周一,8.083,6857.4791,3618.4247,1.2638
周一,8.25,6693.8654,3916.3244,1.1869
周一,8.417,6760.6129,4234.381,1.178
周一,8.583,6767.386,4523.9363,1.1602
周一,8.75,6734.3619,4811.0257,1.1307
周一,8.917,6714.0446,5092.8483,1.1048
周一,9.083,6704.3813,5336.7782,1.0891
周一,9.25,6704.7592,5581.6276,1.0709
周一,9.417,6703.6548,5833.3031,1.0451
周一,9.583,6686.303,6058.9578,1.0231
周一,9.75,6671.6516,6274.9868,1.0341
周一,9.917,6668.4625,6489.6397,1.0604
周一,10.083,6668.9882,6688.374,1.051
周一,10.25,6673.7931,6850.982,1.0267
周一,10.417,6671.4485,6988.3882,1.0311
周一,10.583,6644.2451,7133.5373,1.054
周一,10.75,6606.9871,7277.9621,0.8669
周一,10.917,6594.7181,7397.418,0.5753
周一,11.083,6629.3744,7476.3038,0.5364
周一,11.25,6636.7414,7551.3996,0.5673
周一,11.417,6611.5294,7616.4454,0.5506
周一,11.583,6589.9514,7628.6126,0.5494
周一,11.75,6415.0268,7621.9968,0.534
周一,11.917,6180.1831,7614.8618,0.506
周一,12.083,6162.5482,7590.3872,0.5089
周一,12.25,6182.9038,7534.5475,0.5259
周一,12.417,6121.4473,7443.6974,0.5163
周一,12.583,6067.716,7332.6622,0.486
周一,12.75,6226.2442,7250.2859,0.6463
周一,12.917,6483.001,7192.2577,0.9047
周一,13.083,6507.5354,7102.6809,0.9389
周一,13.25,6476.2201,6967.8408,0.9206
周一,13.417,6491.5262,6837.5423,0.9462
周一,13.583,6476.0589,6766.2741,0.9442
周一,13.75,6449.4722,6625.566,0.9768
周一,13.917,6432.9752,6411.1954,1.0421
周一,14.083,6424.5743,6241.7431,1.0634
周一,14.25,6428.306,6048.146,1.0641
周一,14.417,6427.919,5789.7209,1.0984
周一,14.583,6405.68,5505.6134,1.1611
周一,14.75,6422.2381,5243.2924,1.0105
周一,14.917,6467.8423,4998.3829,0.7496
周一,15.083,6467.1849,4730.0307,0.7435
周一,15.25,6442.8027,4461.7357,0.7997
周一,15.417,6422.7044,4187.4425,0.8049
周一,15.583,6410.8172,3874.0447,0.8394
周一,15.75,6395.7482,3563.0547,0.8682
周一,15.917,6387.0915,3267.6793,0.8801
周一,16.083,6405.7302,2960.8351,0.9065
周一,16.25,6421.0432,2644.4798,0.9319
周一,16.417,6428.64,2335.8252,0.951
周一,16.583,6448.0707,2049.6473,0.9774
周一,16.75,6440.3996,1762.6578,1.0062
周一,16.917,6425.8463,1477.6695,1.0294
周一,17.083,6455.6155,1227.3396,1.0448
周一,17.25,6420.3499,1010.5899,1.0668
周一,17.417,6450.4181,819.7998,1.082
周一,17.583,6639.8176,652.0465,1.0765
周一,17.75,5894.4109,506.7202,1.1522
周一,17.917,4641.6531,379.8851,1.2728
周一,18.083,4509.9766,267.9692,1.2907
周一,18.25,4685.0073,175.893,1.2804
周一,18.417,4634.5575,105.0462,1.2882
周一,18.583,4653.3961,52.6404,1.292
周一,18.75,4696.2729,17.7697,1.3343
周一,18.917,4708.9629,0.2726,1.3931
周一,19.083,4713.2945,0.232,1.3952
周一,19.25,4693.3797,0.5676,1.3853
周一,19.417,4675.7071,0.0,1.3899
周一,19.583,4710.7461,0.0166,1.3919
周一,19.75,4736.6045,0.0407,1.3906
周一,19.917,4724.6373,0.0,1.3896
周一,20.083,4709.5517,0.0012,1.3887
周一,20.25,4729.1204,0.0029,1.378
周一,20.417,4760.3412,0.0,1.3906
周一,20.583,4745.0612,0.0,1.4363
周一,20.75,4726.6204,0.0002,1.2654
周一,20.917,4743.7548,0.0,0.9779
周一,21.083,4783.2252,0.0,0.9449
周一,21.25,4755.5759,0.0,0.9762
周一,21.417,4759.6088,0.0,0.9857
周一,21.583,4887.9419,0.0,1.0368
周一,21.75,4431.7597,0.0,0.8166
周一,21.917,3644.4125,0.0,0.4496
周一,22.083,3554.7486,0.0,0.4117
周一,22.25,3659.704,0.0,0.4614
周一,22.417,3635.7763,0.0,0.4414
周一,22.583,3667.6883,0.0,0.44
周一,22.75,3677.5591,0.0,0.4484
周一,22.917,3648.7183,0.0,0.4527
周一,23.083,3666.2825,0.0,0.4571
周一,23.25,3691.6716,0.0,0.4527
周一,23.417,3696.8612,0.0,0.446
周一,23.583,3696.6015,0.0,0.4539
周一,23.75,3704.6404,0.0,0.4584
周一,23.917,3726.5265,0.0,0.4551
周二,0.083,3753.9067,0.0,0.4567
周二,0.25,3754.5503,0.0,0.4576
周二,0.417,3731.8167,0.0,0.4544
周二,0.583,3719.6946,0.0,0.4498
周二,0.75,3709.9489,0.0,0.4448
周二,0.917,3709.9104,0.0,0.445
周二,1.083,3736.8052,0.0,0.4553
周二,1.25,3744.0182,0.0,0.4569
周二,1.417,3734.3473,0.0,0.4515
周二,1.583,3757.946,0.0,0.4585
周二,1.75,3792.0241,0.0,0.4635
周二,1.917,3801.5906,0.0,0.4581
周二,2.083,3775.9322,0.0,0.4496
周二,2.25,3771.5248,0.0,0.4508
周二,2.417,3795.7417,0.0,0.4594
周二,2.583,3802.987,0.0,0.4617
周二,2.75,3798.6539,0.0,0.4647
周二,2.917,3791.6929,0.0,0.4668
周二,3.083,3788.3068,0.0001,0.4595
周二,3.25,3820.1761,0.0,0.4597
周二,3.417,3852.9373,0.0,0.4651
周二,3.583,3819.0382,0.0029,0.4579
周二,3.75,3803.622,0.0012,0.4598
周二,3.917,3825.2931,0.0,0.4691
周二,4.083,3820.1942,0.0411,0.4619
周二,4.25,3815.5691,0.0168,0.4567
周二,4.417,3837.6877,0.0,0.4623
周二,4.583,3876.365,0.5722,0.4688
周二,4.75,3878.0912,0.2343,0.4723
周二,4.917,3843.8906,0.2553,0.4705
周二,5.083,3834.0945,17.5947,0.4653
周二,5.25,3879.6329,51.8293,0.4746
周二,5.417,3860.8627,104.8724,0.4556
周二,5.583,3721.8005,180.9715,0.3914
周二,5.75,4179.8923,277.9747,0.6045
周二,5.917,4981.8265,394.6017,0.967
周二,6.083,5088.8143,529.4668,0.9969
周二,6.25,4961.5452,677.9254,0.9297
周二,6.417,4963.0448,845.1346,0.9301
周二,6.583,4985.1888,1041.257,0.9238
周二,6.75,4978.2977,1258.1451,0.9056
周二,6.917,4950.635,1500.8841,0.8801
周二,7.083,4952.1398,1783.4407,0.8493
周二,7.25,5036.8069,2084.3485,0.8389
周二,7.417,5016.7906,2390.5118,0.8092
周二,7.583,4793.7752,2700.1315,0.7366
周二,7.75,5515.0031,2998.9909,0.9283
周二,7.917,6769.3225,3295.1272,1.2586
周二,8.083,6897.7995,3607.813,1.2644
周二,8.25,6701.5978,3901.1373,1.1872
周二,8.417,6740.1215,4169.5882,1.1826
周二,8.583,6755.6009,4447.1561,1.1626
周二,8.75,6731.005,4746.6273,1.1324
周二,8.917,6718.991,5045.1837,1.1082
周二,9.083,6744.0368,5306.4518,1.0897
周二,9.25,6723.7707,5557.2778,1.0724
周二,9.417,6669.9996,5799.2474,1.0476
周二,9.583,6676.1102,6005.3146,1.0176
周二,9.75,6681.9041,6198.2185,1.0354
周二,9.917,6670.7035,6384.8668,1.0817
周二,10.083,6684.9604,6550.4437,1.0768
周二,10.25,6673.7382,6707.5455,1.0408
周二,10.417,6631.6796,6861.7825,1.0339
周二,10.583,6611.0321,7002.1386,1.0626
周二,10.75,6614.5822,7109.7018,0.8808
周二,10.917,6620.1985,7208.9495,0.5859
周二,11.083,6605.0577,7341.572,0.544
周二,11.25,6590.6304,7440.4243,0.5766
周二,11.417,6607.7983,7482.256,0.5633
周二,11.583,6632.2705,7510.5183,0.5611
周二,11.75,6443.171,7548.4669,0.5424
周二,11.917,6155.8821,7599.8567,0.5086
周二,12.083,6130.7152,7646.5403,0.5017
周二,12.25,6174.8104,7639.8778,0.5165
周二,12.417,6149.6115,7579.6788,0.5094
周二,12.583,6135.6419,7507.886,0.4742
周二,12.75,6290.1196,7412.6355,0.6401
周二,12.917,6507.5308,7298.674,0.9117
周二,13.083,6511.278,7186.6866,0.9434
周二,13.25,6453.2166,7040.9055,0.9135
周二,13.417,6454.6952,6868.0103,0.9351
周二,13.583,6488.5917,6714.1019,0.947
周二,13.75,6498.8415,6556.4031,0.9903
周二,13.917,6472.9079,6377.6675,1.0569
周二,14.083,6445.8131,6180.6288,1.0816
周二,14.25,6444.2272,5955.2823,1.0794
周二,14.417,6453.1738,5707.2894,1.1077
周二,14.583,6437.6722,5457.407,1.1744
周二,14.75,6436.3516,5210.1025,1.0231
周二,14.917,6451.0787,4960.0904,0.7532
周二,15.083,6442.7319,4698.4974,0.7425
周二,15.25,6430.044,4424.0587,0.8033
周二,15.417,6433.8233,4139.2579,0.8101
周二,15.583,6453.5286,3850.0303,0.8291
周二,15.75,6456.985,3567.9647,0.8567
周二,15.917,6444.4942,3283.0889,0.8825
周二,16.083,6445.185,2973.8482,0.9082
周二,16.25,6443.6835,2663.2628,0.9347
周二,16.417,6439.3287,2364.9325,0.9594
周二,16.583,6445.8053,2072.7886,0.9786
周二,16.75,6431.6173,1785.7316,0.9943
周二,16.917,6411.9079,1512.7399,1.0114
周二,17.083,6427.4486,1269.1422,1.0351
周二,17.25,6398.8635,1050.3217,1.0642
周二,17.417,6448.9042,851.1108,1.0784
周二,17.583,6636.8325,672.6426,1.0716
周二,17.75,5913.1316,519.4457,1.1536
周二,17.917,4686.6554,389.4591,1.2818
周二,18.083,4525.0543,275.5201,1.2957
周二,18.25,4712.4303,179.892,1.2876
周二,18.417,4710.8587,105.2798,1.3044
周二,18.583,4706.9359,52.8895,1.3058
周二,18.75,4714.5769,18.3161,1.3412
周二,18.917,4720.5913,0.2474,1.3993
周二,19.083,4732.2573,0.2278,1.4094
周二,19.25,4741.5008,0.6011,1.3979
周二,19.417,4754.1717,0.0,1.3948
周二,19.583,4777.7232,0.0163,1.4021
周二,19.75,4758.0034,0.0431,1.3977
周二,19.917,4718.7162,0.0,1.3881
周二,20.083,4739.3205,0.0011,1.3982
周二,20.25,4752.1455,0.0031,1.3925
周二,20.417,4735.2131,0.0,1.397
周二,20.583,4734.3094,0.0,1.4393
周二,20.75,4734.1606,0.0002,1.2626
周二,20.917,4746.3683,0.0,0.9733
周二,21.083,4791.7884,0.0,0.9564
周二,21.25,4766.2224,0.0,0.9842
周二,21.417,4764.9537,0.0,0.9744
周二,21.583,4893.4822,0.0,1.0322
周二,21.75,4426.4062,0.0,0.823
周二,21.917,3636.1863,0.0,0.4582
周二,22.083,3585.7292,0.0,0.4226
周二,22.25,3696.81,0.0,0.4688
周二,22.417,3641.0912,0.0,0.4437
周二,22.583,3672.4498,0.0,0.4469
周二,22.75,3687.3317,0.0,0.4562
周二,22.917,3655.9777,0.0,0.4527
周二,23.083,3680.4741,0.0,0.4503
周二,23.25,3710.5597,0.0,0.4491
周二,23.417,3712.5454,0.0,0.4492
周二,23.583,3705.578,0.0,0.4523
周二,23.75,3694.3198,0.0,0.4523
周二,23.917,3686.0977,0.0,0.4497
周三,0.083,3688.6118,0.0,0.4516
周三,0.25,3705.6265,0.0,0.4544
周三,0.417,3717.4579,0.0,0.4545
周三,0.583,3703.5514,0.0,0.4527
周三,0.75,3704.1054,0.0,0.4553
周三,0.917,3731.7619,0.0,0.4618
周三,1.083,3757.1175,0.0,0.464
周三,1.25,3755.8462,0.0,0.459
周三,1.417,3745.7974,0.0,0.4541
周三,1.583,3763.2437,0.0,0.459
周三,1.75,3760.0386,0.0,0.4606
周三,1.917,3749.0649,0.0,0.46
周三,2.083,3789.9131,0.0,0.4696
周三,2.25,3803.1482,0.0,0.4679
周三,2.417,3775.1077,0.0,0.4556
周三,2.583,3775.7891,0.0,0.4571
周三,2.75,3803.5471,0.0,0.4667
周三,2.917,3825.4583,0.0,0.4737
周三,3.083,3812.7322,0.0002,0.4716
周三,3.25,3800.709,0.0,0.4622
周三,3.417,3808.7804,0.0,0.4553
周三,3.583,3824.5915,0.0031,0.4605
周三,3.75,3837.6764,0.0011,0.4644
周三,3.917,3847.7275,0.0,0.4634
周三,4.083,3860.1219,0.0434,0.4658
周三,4.25,3866.1626,0.0156,0.4652
周三,4.417,3865.4079,0.0,0.4636
周三,4.583,3866.1231,0.6053,0.4694
周三,4.75,3863.9312,0.2176,0.4709
周三,4.917,3851.946,0.2929,0.4637
周三,5.083,3840.7035,18.8044,0.4583
周三,5.25,3898.2911,54.6435,0.4745
周三,5.417,3902.1768,107.9045,0.461
周三,5.583,3752.3746,180.2244,0.3916
周三,5.75,4205.2067,269.2655,0.6093
周三,5.917,5007.7604,375.8795,0.9816
周三,6.083,5087.89,503.5666,1.0027
周三,6.25,4972.7568,651.5942,0.9327
周三,6.417,5010.8266,817.5099,0.938
周三,6.583,5012.1032,1001.4275,0.9215
周三,6.75,4997.681,1213.7988,0.8991
周三,6.917,4979.2851,1458.8915,0.8818
周三,7.083,4939.1626,1731.3324,0.8558
周三,7.25,5002.0646,2013.6784,0.8495
周三,7.417,5006.6983,2307.1748,0.8194
周三,7.583,4808.8584,2623.3966,0.7355
周三,7.75,5540.2933,2942.9421,0.9276
周三,7.917,6787.6828,3255.9481,1.2692
周三,8.083,6900.6915,3565.6105,1.274
周三,8.25,6710.3659,3858.4655,1.1956
周三,8.417,6756.8253,4140.305,1.1931
周三,8.583,6738.8298,4428.5415,1.1696
周三,8.75,6712.2166,4694.8637,1.1408
周三,8.917,6726.1413,4950.2568,1.1208
周三,9.083,6730.5398,5234.8819,1.0956
周三,9.25,6704.8453,5504.1189,1.0723
周三,9.417,6673.6925,5747.6887,1.0486
周三,9.583,6681.0336,5993.3348,1.0212
周三,9.75,6701.8945,6199.3017,1.0399
周三,9.917,6703.7281,6369.4649,1.0852
周三,10.083,6677.2048,6550.4586,1.0796
周三,10.25,6663.4908,6707.5271,1.0445
周三,10.417,6667.8685,6831.745,1.0418
周三,10.583,6654.9028,6954.0267,1.077
周三,10.75,6621.0246,7076.2802,0.8906
周三,10.917,6597.2664,7173.1083,0.5874
周三,11.083,6614.6907,7222.905,0.5547
周三,11.25,6605.0444,7293.3422,0.5936
周三,11.417,6588.1662,7382.6363,0.5763
周三,11.583,6619.1406,7422.1836,0.5723
周三,11.75,6458.8744,7442.6485,0.5524
周三,11.917,6195.5117,7468.5014,0.5196
周三,12.083,6179.3572,7493.2789,0.5195
周三,12.25,6210.7944,7513.6877,0.5325
周三,12.417,6165.2789,7500.7252,0.5161
周三,12.583,6147.2366,7420.4258,0.4794
周三,12.75,6297.7234,7324.0817,0.6467
周三,12.917,6505.9157,7232.1531,0.9179
周三,13.083,6510.8487,7117.1664,0.9492
周三,13.25,6477.4066,6971.0774,0.9248
周三,13.417,6493.2196,6823.0267,0.948
周三,13.583,6483.3754,6706.2055,0.9433
周三,13.75,6467.5595,6546.9202,0.9851
周三,13.917,6457.8004,6333.4394,1.0656
周三,14.083,6440.9415,6124.4527,1.0877
周三,14.25,6435.2753,5906.0142,1.083
周三,14.417,6439.1917,5686.2509,1.1147
周三,14.583,6433.4758,5491.1392,1.177
周三,14.75,6439.1774,5257.4667,1.0184
周三,14.917,6445.9085,4996.0663,0.7412
周三,15.083,6422.0444,4773.9048,0.7237
周三,15.25,6415.7045,4500.6197,0.7891
周三,15.417,6437.1377,4166.3929,0.809
周三,15.583,6447.8552,3858.102,0.8337
周三,15.75,6447.307,3566.6266,0.8628
周三,15.917,6441.0432,3279.8823,0.8876
周三,16.083,6436.8503,3001.1501,0.9083
周三,16.25,6464.3689,2707.2017,0.9347
周三,16.417,6486.1915,2401.7717,0.9618
周三,16.583,6435.1703,2109.8131,0.9762
周三,16.75,6410.6038,1807.8194,0.9968
周三,16.917,6444.6247,1505.4814,1.0253
周三,17.083,6463.3949,1246.7524,1.0456
周三,17.25,6416.2387,1017.7168,1.0708
周三,17.417,6458.4636,813.3771,1.0888
周三,17.583,6640.2684,644.7573,1.0853
周三,17.75,5876.0951,502.8498,1.1593
周三,17.917,4628.5619,379.5071,1.2782
周三,18.083,4547.2483,272.0974,1.3011
周三,18.25,4737.0274,179.8638,1.2951
周三,18.417,4662.3426,105.6092,1.2995
周三,18.583,4682.915,53.1859,1.2918
周三,18.75,4685.1976,18.4075,1.3264
周三,18.917,4636.3968,0.2512,1.3869
周三,19.083,4662.354,0.2181,1.3951
周三,19.25,4686.6072,0.602,1.3882
周三,19.417,4672.9447,0.0,1.3935
周三,19.583,4669.2824,0.0156,1.3991
周三,19.75,4687.3085,0.0432,1.396
周三,19.917,4724.2643,0.0,1.3928
周三,20.083,4763.536,0.0011,1.4031
周三,20.25,4753.9198,0.0031,1.394
周三,20.417,4712.1575,0.0,1.3972
周三,20.583,4708.0709,0.0,1.443
周三,20.75,4719.3986,0.0002,1.2729
周三,20.917,4740.5394,0.0,0.9834
周三,21.083,4782.1217,0.0,0.952
周三,21.25,4765.8012,0.0,0.9808
周三,21.417,4777.0289,0.0,0.9846
周三,21.583,4886.859,0.0,1.0361
周三,21.75,4413.2894,0.0,0.8173
周三,21.917,3632.0917,0.0,0.4505
周三,22.083,3570.5387,0.0,0.4148
周三,22.25,3695.4484,0.0,0.4668
周三,22.417,3659.8625,0.0,0.4457
周三,22.583,3654.0531,0.0,0.4376
周三,22.75,3663.3739,0.0,0.4419
周三,22.917,3660.4006,0.0,0.4455
周三,23.083,3660.6807,0.0,0.4482
周三,23.25,3671.3037,0.0,0.4494
周三,23.417,3681.8785,0.0,0.447
周三,23.583,3681.7215,0.0,0.4424
周三,23.75,3714.7341,0.0,0.4522
周三,23.917,3753.6651,0.0,0.4639
周四,0.083,3716.0037,0.0,0.4502
周四,0.25,3691.1123,0.0,0.4437
周四,0.417,3714.3171,0.0,0.4551
周四,0.583,3747.2516,0.0,0.4616
周四,0.75,3752.783,0.0,0.4597
周四,0.917,3738.2246,0.0,0.4564
周四,1.083,3740.4583,0.0,0.4591
周四,1.25,3742.6998,0.0,0.4555
周四,1.417,3741.6485,0.0,0.448
周四,1.583,3754.0668,0.0,0.452
周四,1.75,3768.0998,0.0,0.4555
周四,1.917,3778.8681,0.0,0.4563
周四,2.083,3791.8311,0.0,0.4637
周四,2.25,3796.7683,0.0,0.4677
周四,2.417,3794.9504,0.0,0.4646
周四,2.583,3800.384,0.0,0.4608
周四,2.75,3814.9361,0.0,0.4574
周四,2.917,3818.9879,0.0,0.4556
周四,3.083,3794.1342,0.0002,0.4582
周四,3.25,3796.7133,0.0,0.4641
周四,3.417,3828.5602,0.0,0.4692
周四,3.583,3836.1775,0.0031,0.4684
周四,3.75,3836.8722,0.0012,0.4643
周四,3.917,3833.985,0.0,0.464
周四,4.083,3811.8035,0.0433,0.4723
周四,4.25,3806.3124,0.0167,0.4733
周四,4.417,3821.5827,0.0,0.4674
周四,4.583,3828.2708,0.6037,0.4697
周四,4.75,3842.7828,0.2331,0.4692
周四,4.917,3862.3231,0.2776,0.4629
周四,5.083,3866.1961,18.7991,0.463
周四,5.25,3881.7164,55.3966,0.4787
周四,5.417,3836.2577,110.6928,0.4611
周四,5.583,3725.4602,186.0159,0.3952
周四,5.75,4217.4037,279.4741,0.6073
周四,5.917,5017.3331,392.1447,0.9719
周四,6.083,5092.9317,525.4593,1.0065
周四,6.25,4965.3784,675.4764,0.9409
周四,6.417,4988.515,844.0839,0.9374
周四,6.583,4996.0737,1038.6025,0.9249
周四,6.75,5010.1335,1264.1105,0.9051
周四,6.917,5019.095,1521.0353,0.8825
周四,7.083,4973.2593,1802.4369,0.8527
周四,7.25,5004.7661,2092.3831,0.8442
周四,7.417,4978.2904,2383.5858,0.8127
周四,7.583,4777.0736,2674.3698,0.7288
周四,7.75,5531.3826,2954.3967,0.92
周四,7.917,6803.8317,3240.8863,1.2635
周四,8.083,6914.3766,3559.8775,1.2779
周四,8.25,6702.9721,3856.766,1.1978
周四,8.417,6732.0648,4132.3002,1.1842
周四,8.583,6720.8174,4438.999,1.1603
周四,8.75,6722.2888,4735.6251,1.1343
周四,8.917,6752.0756,5014.2584,1.1149
周四,9.083,6730.1024,5307.1259,1.0912
周四,9.25,6714.3061,5578.5426,1.0671
周四,9.417,6711.0848,5817.4846,1.0416
周四,9.583,6669.095,6046.1016,1.0158
周四,9.75,6652.2332,6251.2909,1.0299
周四,9.917,6669.3715,6436.5656,1.0696
周四,10.083,6662.8081,6620.5657,1.072
周四,10.25,6646.8497,6780.8202,1.0409
周四,10.417,6634.7075,6928.7481,1.0312
周四,10.583,6622.0392,7099.8174,1.0599
周四,10.75,6614.0708,7250.1062,0.8741
周四,10.917,6611.0587,7365.9425,0.5742
周四,11.083,6605.0659,7473.4528,0.5371
周四,11.25,6587.5015,7556.7613,0.5718
周四,11.417,6590.4137,7615.0486,0.555
周四,11.583,6624.7107,7661.0048,0.5537
周四,11.75,6469.4285,7659.7633,0.5389
周四,11.917,6199.2792,7629.2243,0.5083
周四,12.083,6135.6006,7630.7987,0.5025
周四,12.25,6173.0687,7640.1076,0.5188
周四,12.417,6168.6448,7609.244,0.5133
周四,12.583,6113.7413,7516.2084,0.4756
周四,12.75,6231.8123,7443.1155,0.6327
周四,12.917,6475.9515,7384.7495,0.8988
周四,13.083,6558.589,7261.6986,0.9403
周四,13.25,6537.2217,7146.4226,0.9166
周四,13.417,6500.9256,7040.5464,0.929
周四,13.583,6476.8498,6866.2539,0.9247
周四,13.75,6476.7514,6666.4315,0.9704
周四,13.917,6490.2292,6475.9601,1.0526
周四,14.083,6490.6423,6282.9924,1.0765
周四,14.25,6463.6499,6048.8821,1.0717
周四,14.417,6431.3235,5786.8276,1.1043
周四,14.583,6432.4781,5547.0067,1.1741
周四,14.75,6441.5968,5296.7066,1.0187
周四,14.917,6444.291,5019.1969,0.7434
周四,15.083,6445.3423,4735.0922,0.7372
周四,15.25,6418.7763,4463.9321,0.7996
周四,15.417,6395.7323,4199.9762,0.8043
周四,15.583,6437.3037,3918.4596,0.8282
周四,15.75,6467.7663,3616.9651,0.8583
周四,15.917,6462.7758,3299.9171,0.8809
周四,16.083,6465.4742,2974.6812,0.9047
周四,16.25,6446.4758,2656.1188,0.9313
周四,16.417,6419.3315,2353.443,0.9575
周四,16.583,6436.4356,2063.483,0.9804
周四,16.75,6459.3679,1765.48,1.0092
周四,16.917,6469.0929,1477.6767,1.0376
周四,17.083,6472.6421,1244.8656,1.05
周四,17.25,6419.5067,1035.1408,1.0679
周四,17.417,6455.1923,834.693,1.0827
周四,17.583,6638.798,662.4582,1.0784
周四,17.75,5917.1694,514.5457,1.156
周四,17.917,4705.1012,385.1885,1.2794
周四,18.083,4572.1892,274.3916,1.3016
周四,18.25,4750.9902,182.5659,1.2953
周四,18.417,4714.0565,109.4978,1.303
周四,18.583,4707.5323,55.1674,1.3
周四,18.75,4702.3638,18.7663,1.3346
周四,18.917,4689.4188,0.2675,1.3925
周四,19.083,4725.1112,0.2327,1.4034
周四,19.25,4739.8578,0.6062,1.3976
周四,19.417,4717.4012,0.0,1.3962
周四,19.583,4714.2898,0.0167,1.3902
周四,19.75,4734.2004,0.0435,1.3918
周四,19.917,4755.4919,0.0,1.4014
周四,20.083,4756.161,0.0012,1.4031
周四,20.25,4756.3408,0.0031,1.387
周四,20.417,4763.3119,0.0,1.3959
周四,20.583,4765.6445,0.0,1.4471
周四,20.75,4770.6877,0.0002,1.2726
周四,20.917,4781.2154,0.0,0.9767
周四,21.083,4784.2996,0.0,0.9527
周四,21.25,4748.4307,0.0,0.9844
周四,21.417,4776.6244,0.0,0.983
周四,21.583,4909.5715,0.0,1.0358
周四,21.75,4434.7475,0.0,0.8157
周四,21.917,3640.7335,0.0,0.4462
周四,22.083,3589.6342,0.0,0.4174
周四,22.25,3702.8475,0.0,0.4716
周四,22.417,3637.0477,0.0,0.4485
周四,22.583,3636.8155,0.0,0.4489
周四,22.75,3667.3161,0.0,0.4559
周四,22.917,3687.6321,0.0,0.4549
周四,23.083,3709.4412,0.0,0.4591
周四,23.25,3677.8703,0.0,0.4538
周四,23.417,3682.1962,0.0,0.4475
周四,23.583,3795.1677,0.0,0.4585
周四,23.75,3419.6748,0.0,0.4225
周四,23.917,2756.8035,0.0,0.3565
周五,0.083,2664.0401,0.0,0.3484
周五,0.25,2771.8497,0.0,0.3615
周五,0.417,2782.8154,0.0,0.3625
周五,0.583,2775.141,0.0,0.3559
周五,0.75,2771.2306,0.0,0.3569
周五,0.917,2769.249,0.0,0.3631
周五,1.083,2766.366,0.0,0.3596
周五,1.25,2778.6243,0.0,0.3582
周五,1.417,2800.0031,0.0,0.364
周五,1.583,2807.055,0.0,0.3694
周五,1.75,2813.2249,0.0,0.37
周五,1.917,2823.4088,0.0,0.3643
周五,2.083,2826.7972,0.0,0.3556
周五,2.25,2822.6405,0.0,0.3582
周五,2.417,2826.8427,0.0,0.368
周五,2.583,2853.6794,0.0,0.3668
周五,2.75,2857.9716,0.0,0.3662
周五,2.917,2843.6433,0.0,0.3697
周五,3.083,2859.3963,0.0002,0.369
周五,3.25,2877.5198,0.0,0.3698
周五,3.417,2872.1383,0.0,0.3707
周五,3.583,2850.0293,0.003,0.3648
周五,3.75,2859.2981,0.0012,0.3657
周五,3.917,2896.3969,0.0,0.3741
周五,4.083,2907.0785,0.0417,0.3757
周五,4.25,2882.9954,0.017,0.3703
周五,4.417,2866.8321,0.0,0.3664
周五,4.583,2907.2569,0.581,0.3736
周五,4.75,2925.0335,0.237,0.3825
周五,4.917,2892.056,0.2928,0.3799
周五,5.083,2860.8817,18.2219,0.3633
周五,5.25,2870.3852,53.6301,0.3663
周五,5.417,2905.0321,108.3209,0.3606
周五,5.583,2914.9559,184.3242,0.3192
周五,5.75,2912.2522,278.6916,0.4855
周五,5.917,2902.5752,388.2851,0.7606
周五,6.083,2883.2681,512.0778,0.7775
周五,6.25,2903.4651,661.8367,0.7297
周五,6.417,2914.0927,839.3019,0.7326
周五,6.583,2856.8121,1035.2874,0.7103
周五,6.75,3058.2969,1252.0382,0.708
周五,6.917,3407.2062,1503.375,0.7228
周五,7.083,3435.0234,1797.1216,0.6976
周五,7.25,3375.147,2093.9809,0.6754
周五,7.417,3384.0963,2380.0536,0.6475
周五,7.583,3382.6199,2672.1134,0.5889
周五,7.75,3380.0874,2970.3261,0.7074
周五,7.917,3382.0562,3270.0779,0.9198
周五,8.083,3373.6561,3568.078,0.9146
周五,8.25,3370.9066,3867.0457,0.8562
周五,8.417,3338.1708,4165.2505,0.8437
周五,8.583,3279.9374,4453.5393,0.8161
周五,8.75,3571.3074,4717.7178,0.8191
周五,8.917,4028.4867,4961.3034,0.8437
周五,9.083,4053.9404,5207.9008,0.8244
周五,9.25,3986.9485,5483.6782,0.7962
周五,9.417,4020.574,5766.15,0.7753
周五,9.583,4005.0164,6002.5984,0.7485
周五,9.75,3967.7972,6215.1748,0.7625
周五,9.917,3949.2183,6432.7147,0.8007
周五,10.083,3949.6313,6656.8849,0.7917
周五,10.25,3953.1345,6833.8312,0.761
周五,10.417,3947.2071,6961.0572,0.7634
周五,10.583,3930.5996,7090.9093,0.7931
周五,10.75,3918.3017,7233.3772,0.6017
周五,10.917,3914.6838,7356.8877,0.3007
周五,11.083,3907.8307,7422.1154,0.2721
周五,11.25,3880.8273,7478.2217,0.3056
周五,11.417,3855.1773,7561.8296,0.2775
周五,11.583,3870.8483,7657.4105,0.2756
周五,11.75,3885.2875,7685.6043,0.281
周五,11.917,3872.534,7660.7654,0.2761
周五,12.083,3846.2825,7673.7189,0.2733
周五,12.25,3827.6174,7685.46,0.2789
周五,12.417,3825.3079,7656.1147,0.2678
周五,12.583,3830.4224,7586.0734,0.2387
周五,12.75,3819.3583,7504.793,0.3874
周五,12.917,3790.824,7429.6486,0.6285
周五,13.083,3770.0497,7346.5567,0.6619
周五,13.25,3782.7581,7195.7438,0.643
周五,13.417,3802.5325,7001.563,0.6637
周五,13.583,3777.3431,6852.5094,0.666
周五,13.75,3757.9859,6713.7634,0.7089
周五,13.917,3761.4763,6552.2733,0.7812
周五,14.083,3755.9526,6363.6026,0.8001
周五,14.25,3753.2188,6124.9825,0.7989
周五,14.417,3752.5537,5849.2406,0.8329
周五,14.583,3740.2961,5578.6208,0.8888
周五,14.75,3745.4851,5311.076,0.7342
周五,14.917,3763.8129,5038.5368,0.474
周五,15.083,3757.7285,4759.8181,0.4675
周五,15.25,3734.1511,4478.9421,0.5295
周五,15.417,3718.3583,4193.2269,0.5374
周五,15.583,3729.9289,3898.0985,0.5552
周五,15.75,3739.7176,3612.0139,0.5841
周五,15.917,3731.1421,3332.4454,0.6104
周五,16.083,3713.4808,3035.5644,0.6283
周五,16.25,3701.4722,2720.1054,0.6524
周五,16.417,3740.3244,2400.9707,0.6872
周五,16.583,3807.1278,2095.3858,0.7168
周五,16.75,3517.5955,1790.4496,0.7069
周五,16.917,3047.4448,1499.9575,0.6819
周五,17.083,2994.3666,1258.9877,0.7043
周五,17.25,3056.1544,1040.9945,0.7381
周五,17.417,3037.3508,837.1788,0.7374
周五,17.583,3049.5016,667.0004,0.7183
周五,17.75,3077.5559,521.1661,0.8719
周五,17.917,3091.204,391.3312,1.1145
周五,18.083,3083.4625,279.0369,1.1536
周五,18.25,3060.7258,185.0037,1.1295
周五,18.417,3044.5956,109.4127,1.1377
周五,18.583,3057.5994,54.8162,1.1385
周五,18.75,3078.1408,18.8719,1.1753
周五,18.917,3084.926,0.2675,1.2313
周五,19.083,3077.6466,0.2286,1.2356
周五,19.25,3091.6118,0.6069,1.2298
周五,19.417,3114.9617,0.0,1.2367
周五,19.583,3104.211,0.0164,1.2364
周五,19.75,3109.7099,0.0436,1.2313
周五,19.917,3127.4254,0.0,1.2294
周五,20.083,3106.2842,0.0012,1.232
周五,20.25,3116.6852,0.0031,1.2226
周五,20.417,3164.7417,0.0,1.2354
周五,20.583,3179.4089,0.0,1.2851
周五,20.75,3163.7035,0.0002,1.1078
周五,20.917,3154.5952,0.0,0.8121
周五,21.083,3179.0123,0.0,0.7919
周五,21.25,3172.0044,0.0,0.8267
周五,21.417,3178.3217,0.0,0.8223
周五,21.583,3258.8622,0.0,0.8686
周五,21.75,3035.4337,0.0,0.6746
周五,21.917,2647.2863,0.0,0.3428
周五,22.083,2646.5924,0.0,0.3061
周五,22.25,2736.5887,0.0,0.3623
周五,22.417,2721.5358,0.0,0.3622
周五,22.583,2707.2368,0.0,0.361
周五,22.75,2723.8388,0.0,0.362
周五,22.917,2752.6406,0.0,0.3625
周五,23.083,2756.8454,0.0,0.3656
周五,23.25,2734.0074,0.0,0.359
周五,23.417,2714.8269,0.0,0.3496
周五,23.583,2735.1411,0.0,0.3566
周五,23.75,2755.8803,0.0,0.3585
周五,23.917,2755.7888,0.0,0.3517
周六,0.083,2749.6656,0.0,0.3542
周六,0.25,2749.2566,0.0,0.3579
周六,0.417,2764.1919,0.0,0.3586
周六,0.583,2792.9957,0.0,0.3613
周六,0.75,2795.8069,0.0,0.363
周六,0.917,2774.2408,0.0,0.3636
周六,1.083,2771.4626,0.0,0.367
周六,1.25,2791.7183,0.0,0.369
周六,1.417,2809.1421,0.0,0.3671
周六,1.583,2796.1755,0.0,0.3627
周六,1.75,2795.3733,0.0,0.3611
周六,1.917,2812.5244,0.0,0.361
周六,2.083,2815.1781,0.0,0.358
周六,2.25,2833.3873,0.0,0.3636
周六,2.417,2854.5812,0.0,0.373
周六,2.583,2831.2974,0.0,0.3688
周六,2.75,2810.1596,0.0,0.3639
周六,2.917,2822.3163,0.0,0.3669
周六,3.083,2851.0582,0.0002,0.3727
周六,3.25,2849.5439,0.0001,0.3692
周六,3.417,2825.9233,0.0,0.3628
周六,3.583,2835.1027,0.0031,0.3705
周六,3.75,2869.9149,0.0012,0.3722
周六,3.917,2890.0752,0.0,0.3654
周六,4.083,2862.5971,0.0444,0.3672
周六,4.25,2848.4557,0.017,0.3669
周六,4.417,2866.3102,0.0,0.3617
周六,4.583,2879.2758,0.6188,0.362
周六,4.75,2891.2722,0.2367,0.3683
周六,4.917,2894.6715,0.2827,0.3711
周六,5.083,2875.4651,19.2471,0.3635
周六,5.25,2881.0528,55.3041,0.3738
周六,5.417,2907.0654,110.4404,0.3669
周六,5.583,2901.214,186.7908,0.3131
周六,5.75,2887.6275,278.9082,0.4756
周六,5.917,2878.9381,390.419,0.7576
周六,6.083,2867.1729,530.9102,0.7756
周六,6.25,2883.7407,694.2429,0.7234
周六,6.417,2889.179,874.7618,0.7216
周六,6.583,2846.5515,1071.6236,0.6977
周六,6.75,3033.3794,1290.4181,0.6933
周六,6.917,3354.1875,1540.8454,0.7102
周六,7.083,3407.0439,1823.6465,0.6986
周六,7.25,3365.6599,2106.1302,0.6808
周六,7.417,3358.3819,2389.3558,0.645
周六,7.583,3339.1851,2698.8729,0.5835
周六,7.75,3339.1549,3002.408,0.7012
周六,7.917,3356.3029,3301.8981,0.9144
周六,8.083,3349.5231,3627.8401,0.914
周六,8.25,3336.9433,3931.099,0.8526
周六,8.417,3301.1344,4199.7166,0.8311
周六,8.583,3260.8883,4467.4214,0.8037
周六,8.75,3557.0781,4721.6077,0.8138
周六,8.917,4005.201,4969.6543,0.8438
周六,9.083,4039.234,5237.1318,0.8216
周六,9.25,3976.8082,5494.6418,0.7969
周六,9.417,3997.0881,5722.9839,0.785
周六,9.583,3965.3991,5931.4255,0.7571
周六,9.75,3951.1209,6144.5013,0.7693
周六,9.917,3970.2952,6357.8221,0.8095
周六,10.083,3956.7587,6543.7874,0.8011
周六,10.25,3946.6679,6712.1028,0.7691
周六,10.417,3949.3513,6888.0404,0.7671
周六,10.583,3931.4419,7083.6525,0.7891
周六,10.75,3903.2743,7237.8386,0.5986
周六,10.917,3888.6431,7345.2851,0.3034
周六,11.083,3897.9002,7452.0648,0.2703
周六,11.25,3883.0974,7516.3146,0.3076
周六,11.417,3855.6175,7543.4048,0.2894
周六,11.583,3869.5356,7590.3223,0.2812
周六,11.75,3858.6009,7640.849,0.2762
周六,11.917,3830.671,7670.1144,0.27
周六,12.083,3856.8746,7671.9926,0.2757
周六,12.25,3847.3871,7671.7249,0.2849
周六,12.417,3806.8515,7658.2623,0.2719
周六,12.583,3829.3456,7595.8721,0.2455
周六,12.75,3828.4061,7522.786,0.3879
周六,12.917,3788.3204,7419.4868,0.6185
周六,13.083,3786.867,7230.2756,0.6579
周六,13.25,3806.5019,7056.2715,0.6496
周六,13.417,3809.7704,6916.8981,0.6745
周六,13.583,3780.1179,6736.5079,0.6732
周六,13.75,3761.6968,6544.0306,0.708
周六,13.917,3766.9798,6347.9142,0.7769
周六,14.083,3764.5816,6126.5997,0.8043
周六,14.25,3736.9054,5926.7448,0.806
周六,14.417,3716.3585,5730.3808,0.8371
周六,14.583,3750.7814,5472.2432,0.9007
周六,14.75,3768.9653,5222.2581,0.7472
周六,14.917,3746.5375,4983.67,0.4801
周六,15.083,3728.056,4693.8393,0.4744
周六,15.25,3724.8345,4427.2119,0.5361
周六,15.417,3726.5425,4181.9459,0.541
周六,15.583,3720.7658,3879.7674,0.5619
周六,15.75,3734.6017,3579.704,0.5922
周六,15.917,3757.3712,3293.0358,0.6175
周六,16.083,3743.413,2972.6347,0.638
周六,16.25,3701.0857,2668.1349,0.6564
周六,16.417,3716.1385,2390.4952,0.6804
周六,16.583,3807.4784,2098.3477,0.7105
周六,16.75,3507.2822,1796.433,0.7037
周六,16.917,3000.6669,1508.3308,0.6789
周六,17.083,2980.2297,1258.775,0.7024
周六,17.25,3084.2267,1040.9289,0.7409
周六,17.417,3065.9944,848.5781,0.7426
周六,17.583,3042.1777,682.8234,0.7168
周六,17.75,3034.2931,530.0553,0.8713
周六,17.917,3044.445,390.1212,1.1193
周六,18.083,3075.8349,277.6238,1.1506
周六,18.25,3102.0425,185.925,1.1291
周六,18.417,3100.2744,110.6322,1.147
周六,18.583,3074.6344,55.3987,1.137
周六,18.75,3087.7273,19.0455,1.1651
周六,18.917,3112.5852,0.2986,1.2237
周六,19.083,3068.1912,0.2265,1.2287
周六,19.25,3067.3239,0.6053,1.2254
周六,19.417,3128.7062,0.0,1.2353
周六,19.583,3148.4499,0.0162,1.2327
周六,19.75,3109.8382,0.0434,1.2306
周六,19.917,3088.3688,0.0,1.2362
周六,20.083,3168.0556,0.0011,1.2393
周六,20.25,3199.5841,0.0031,1.2259
周六,20.417,3156.1258,0.0,1.2339
周六,20.583,3155.1492,0.0001,1.2802
周六,20.75,3166.9248,0.0002,1.1071
周六,20.917,3166.4617,0.0,0.8175
周六,21.083,3167.9089,0.0,0.7933
周六,21.25,3169.3289,0.0,0.8267
周六,21.417,3198.1479,0.0,0.8249
周六,21.583,3245.2535,0.0,0.8678
周六,21.75,3039.8322,0.0,0.6767
周六,21.917,2698.1163,0.0,0.3538
周六,22.083,2640.1593,0.0,0.3169
周六,22.25,2697.3779,0.0,0.363
周六,22.417,2718.5442,0.0,0.3519
周六,22.583,2724.3261,0.0,0.3499
周六,22.75,2742.666,0.0,0.3544
周六,22.917,2748.1102,0.0,0.3534
周六,23.083,2703.9445,0.0,0.3488
周六,23.25,2731.5985,0.0,0.354
周六,23.417,2759.9433,0.0,0.3588
周六,23.583,2671.4021,0.0,0.3481
周六,23.75,3051.0109,0.0,0.389
周六,23.917,3699.2938,0.0,0.4582
周日,0.083,3771.3091,0.0,0.4595
周日,0.25,3672.2401,0.0,0.4461
周日,0.417,3700.4375,0.0,0.4511
周日,0.583,3742.4,0.0,0.4544
周日,0.75,3757.8377,0.0,0.4547
周日,0.917,3748.7719,0.0,0.4552
周日,1.083,3734.7235,0.0,0.4569
周日,1.25,3727.7722,0.0,0.456
周日,1.417,3731.0635,0.0,0.4541
周日,1.583,3740.4947,0.0,0.4558
周日,1.75,3750.3447,0.0,0.4566
周日,1.917,3752.8071,0.0,0.4547
周日,2.083,3747.7856,0.0,0.4537
周日,2.25,3770.6984,0.0,0.4559
周日,2.417,3812.5012,0.0,0.4619
周日,2.583,3820.3616,0.0,0.4683
周日,2.75,3781.9698,0.0,0.4623
周日,2.917,3746.464,0.0,0.4534
周日,3.083,3777.1977,0.0002,0.4634
周日,3.25,3796.0621,0.0001,0.4657
周日,3.417,3793.8037,0.0,0.458
周日,3.583,3831.1495,0.0032,0.4637
周日,3.75,3834.5561,0.0013,0.4653
周日,3.917,3807.72,0.0,0.4613
周日,4.083,3829.446,0.0451,0.4695
周日,4.25,3835.3507,0.0179,0.4733
周日,4.417,3819.8525,0.0,0.4678
周日,4.583,3842.8717,0.6282,0.4648
周日,4.75,3846.5672,0.2498,0.4648
周日,4.917,3823.319,0.3361,0.4625
周日,5.083,3829.3933,19.8015,0.4564
周日,5.25,3850.9937,57.0389,0.466
周日,5.417,3793.3294,113.3481,0.4512
周日,5.583,3675.0067,188.9736,0.3945
周日,5.75,4168.6859,281.9329,0.6064
周日,5.917,4975.9392,394.1228,0.9627
周日,6.083,5060.9568,526.6515,0.9968
周日,6.25,4953.3275,673.42,0.9329
周日,6.417,4989.714,842.5435,0.9291
周日,6.583,4973.9269,1047.7389,0.9169
周日,6.75,4960.9712,1270.8656,0.897
周日,6.917,4975.1192,1516.3421,0.8773
周日,7.083,4968.8123,1804.3457,0.8564
周日,7.25,4998.7762,2109.7342,0.8456
周日,7.417,4949.8971,2407.4885,0.805
周日,7.583,4789.0338,2692.5803,0.7258
周日,7.75,5531.755,3000.3666,0.9177
周日,7.917,6746.7171,3319.8151,1.2535
周日,8.083,6880.7205,3606.4186,1.2672
周日,8.25,6701.3423,3904.9148,1.191
周日,8.417,6735.4812,4228.6399,1.1795
周日,8.583,6737.0787,4543.5977,1.1526
周日,8.75,6723.9298,4843.4377,1.1282
周日,8.917,6720.0367,5121.225,1.1141
周日,9.083,6695.7148,5368.5893,1.0896
周日,9.25,6680.5404,5603.0837,1.068
周日,9.417,6675.9642,5832.7904,1.0453
周日,9.583,6655.2707,6047.5419,1.0107
周日,9.75,6651.8437,6229.9195,1.026
周日,9.917,6668.3444,6396.8567,1.0748
周日,10.083,6667.0088,6586.092,1.0697
周日,10.25,6634.6862,6775.372,1.0269
周日,10.417,6596.756,6943.9781,1.014
周日,10.583,6596.6304,7087.4745,1.0501
周日,10.75,6621.7993,7199.0842,0.8788
周日,10.917,6632.2617,7276.7084,0.589
周日,11.083,6596.13,7328.5483,0.5474
周日,11.25,6565.191,7381.3151,0.5804
周日,11.417,6579.9777,7446.0685,0.5653
周日,11.583,6605.1793,7510.183,0.5541
周日,11.75,6445.5723,7548.6238,0.5367
周日,11.917,6189.1625,7566.5279,0.5123
周日,12.083,6138.9922,7581.7847,0.5049
周日,12.25,6171.194,7534.8721,0.5264
周日,12.417,6150.595,7432.6161,0.5279
周日,12.583,6099.265,7351.047,0.4788
周日,12.75,6255.013,7297.5565,0.6351
周日,12.917,6513.7371,7234.1668,0.9131
周日,13.083,6516.4682,7118.2104,0.9517
周日,13.25,6454.7925,6995.276,0.9212
周日,13.417,6457.3733,6886.9385,0.9343
周日,13.583,6460.4973,6766.2728,0.9362
周日,13.75,6451.3005,6599.5675,0.977
周日,13.917,6448.9981,6390.6303,1.0511
周日,14.083,6472.9017,6179.8137,1.0862
周日,14.25,6476.607,5996.7478,1.0796
周日,14.417,6450.8325,5820.7132,1.093
周日,14.583,6434.1864,5599.0997,1.1565
周日,14.75,6440.3537,5340.7825,1.0098
周日,14.917,6441.624,5072.3257,0.7429
周日,15.083,6405.5674,4812.3708,0.7299
周日,15.25,6413.6402,4541.5023,0.7935
周日,15.417,6450.3075,4249.5945,0.807
周日,15.583,6422.9049,3947.851,0.8249
周日,15.75,6427.7287,3656.3713,0.8525
周日,15.917,6475.6581,3371.6272,0.8782
周日,16.083,6472.2407,3070.2065,0.8945
周日,16.25,6437.5812,2752.2079,0.9204
周日,16.417,6415.5162,2434.4495,0.9545
周日,16.583,6428.8232,2134.0086,0.9757
周日,16.75,6443.2452,1828.6872,0.9954
周日,16.917,6448.5969,1530.1702,1.0184
周日,17.083,6458.9059,1280.5058,1.039
周日,17.25,6439.451,1058.9912,1.0687
周日,17.417,6512.22,853.1546,1.0897
周日,17.583,6685.1324,675.2845,1.0829
周日,17.75,5910.7387,522.2135,1.1532
周日,17.917,4654.2846,391.3572,1.272
周日,18.083,4537.3985,283.9853,1.2981
周日,18.25,4734.0752,191.5844,1.2946
周日,18.417,4706.5894,112.9644,1.3011
周日,18.583,4741.7103,56.1082,1.2994
周日,18.75,4752.5206,19.4262,1.3392
周日,18.917,4713.7363,0.3231,1.3985
周日,19.083,4725.7913,0.2417,1.398
周日,19.25,4734.7906,0.6159,1.3865
周日,19.417,4724.8713,0.0,1.3905
周日,19.583,4739.3321,0.0173,1.3894
周日,19.75,4746.1347,0.0442,1.3923
周日,19.917,4733.0258,0.0,1.3987
周日,20.083,4723.4062,0.0012,1.394
周日,20.25,4725.2502,0.0031,1.3791
周日,20.417,4739.544,0.0,1.3914
周日,20.583,4761.8185,0.0001,1.4349
周日,20.75,4776.8416,0.0002,1.269
周日,20.917,4772.8473,0.0,0.9904
周日,21.083,4749.5083,0.0,0.9557
周日,21.25,4730.0278,0.0,0.98
周日,21.417,4795.3079,0.0,0.9836
周日,21.583,4910.8793,0.0,1.0315
周日,21.75,4422.2934,0.0,0.8104
周日,21.917,3635.1871,0.0,0.4449
周日,22.083,3573.3291,0.0,0.411
周日,22.25,3696.4848,0.0,0.4634
周日,22.417,3654.3163,0.0,0.4448
周日,22.583,3638.2009,0.0,0.4455
周日,22.75,3636.251,0.0,0.4493
周日,22.917,3636.1965,0.0,0.4434
周日,23.083,3666.3188,0.0,0.4438
周日,23.25,3691.1447,0.0,0.4499
周日,23.417,3700.6185,0.0,0.4555
周日,23.583,3717.3875,0.0,0.456
周日,23.75,3727.8654,0.0,0.4567
周日,23.917,3728.9646,0.0,0.4573
